source,target,type,status,notes
https://workofarttattoo.com/aging_skin_skin_science_las_vegas_authority_guide/,/privacy-policy/,internal,missing-local-target,Privacy Policy
https://workofarttattoo.com/anti_eyebrow_piercing_las_vegas_authority_guide/,/privacy-policy/,internal,missing-local-target,Privacy Policy
https://workofarttattoo.com/anti_tragus_piercing_las_vegas_authority_guide/,/privacy-policy/,internal,missing-local-target,Privacy Policy
https://workofarttattoo.com/appointments/,/privacy-policy/,internal,missing-local-target,Privacy Policy
https://workofarttattoo.com/best_fine_line_tattoos_in_vegas_ultimate_authority_guide/,/privacy-policy/,internal,missing-local-target,Privacy Policy
https://workofarttattoo.com/best_piercing_shop_las_vegas_updated_jewelry_standards/,/privacy-policy/,internal,missing-local-target,Privacy Policy
https://workofarttattoo.com/body_piercing_guide_las_vegas/,/privacy-policy/,internal,missing-local-target,Privacy Policy
https://workofarttattoo.com/bridge_piercing_las_vegas_authority_guide/,/privacy-policy/,internal,missing-local-target,Privacy Policy
https://workofarttattoo.com/cartilage_piercing_las_vegas_authority_guide/,/privacy-policy/,internal,missing-local-target,Privacy Policy
https://workofarttattoo.com/collagen_skin_science_las_vegas_authority_guide/,/privacy-policy/,internal,missing-local-target,Privacy Policy
https://workofarttattoo.com/conch_piercing_las_vegas_authority_guide/,/privacy-policy/,internal,missing-local-target,Privacy Policy
https://workofarttattoo.com/daith_piercing_las_vegas_authority_guide/,/privacy-policy/,internal,missing-local-target,Privacy Policy
https://workofarttattoo.com/dermis_skin_science_las_vegas_authority_guide/,/privacy-policy/,internal,missing-local-target,Privacy Policy
https://workofarttattoo.com/diabetes_skin_science_las_vegas_authority_guide/,/privacy-policy/,internal,missing-local-target,Privacy Policy
https://workofarttattoo.com/ear_curation_piercing_las_vegas_authority_guide/,/privacy-policy/,internal,missing-local-target,Privacy Policy
https://workofarttattoo.com/ear_lobe_piercing_las_vegas_authority_guide/,/privacy-policy/,internal,missing-local-target,Privacy Policy
https://workofarttattoo.com/ear_piercing_guide_las_vegas/,/privacy-policy/,internal,missing-local-target,Privacy Policy
https://workofarttattoo.com/ear_piercing_las_vegas_authority_guide/,/privacy-policy/,internal,missing-local-target,Privacy Policy
https://workofarttattoo.com/eczema_skin_science_las_vegas_authority_guide/,/privacy-policy/,internal,missing-local-target,Privacy Policy
https://workofarttattoo.com/epidermis_skin_science_las_vegas_authority_guide/,/privacy-policy/,internal,missing-local-target,Privacy Policy
https://workofarttattoo.com/eyebrow_piercing_las_vegas_authority_guide/,/privacy-policy/,internal,missing-local-target,Privacy Policy
https://workofarttattoo.com/facial_piercing_guide_las_vegas/,/privacy-policy/,internal,missing-local-target,Privacy Policy
https://workofarttattoo.com/flash_art_deals_under_100/,/privacy-policy/,internal,missing-local-target,Privacy Policy
https://workofarttattoo.com/flat_piercing_las_vegas_authority_guide/,/privacy-policy/,internal,missing-local-target,Privacy Policy
https://workofarttattoo.com/forward_helix_piercing_las_vegas_authority_guide/,/privacy-policy/,internal,missing-local-target,Privacy Policy
https://workofarttattoo.com/frog_eyes_tongue_piercing_las_vegas_authority_guide/,/privacy-policy/,internal,missing-local-target,Privacy Policy
https://workofarttattoo.com/genital_piercing_las_vegas_authority_guide/,/privacy-policy/,internal,missing-local-target,Privacy Policy
https://workofarttattoo.com/healed_black_grey_tattoos_las_vegas/,/privacy-policy/,internal,missing-local-target,Privacy Policy
https://workofarttattoo.com/healed_color_tattoos_las_vegas/,/privacy-policy/,internal,missing-local-target,Privacy Policy
https://workofarttattoo.com/healed_cover_up_tattoos_las_vegas/,/privacy-policy/,internal,missing-local-target,Privacy Policy
https://workofarttattoo.com/healed_fine_line_tattoos_las_vegas/,/privacy-policy/,internal,missing-local-target,Privacy Policy
https://workofarttattoo.com/healed_portrait_tattoos_las_vegas/,/privacy-policy/,internal,missing-local-target,Privacy Policy
https://workofarttattoo.com/healed_sleeve_tattoos_las_vegas/,/privacy-policy/,internal,missing-local-target,Privacy Policy
https://workofarttattoo.com/healed_tattoo_gallery_las_vegas/,/privacy-policy/,internal,missing-local-target,Privacy Policy
https://workofarttattoo.com/healing_database_black_grey_day_1_las_vegas/,/privacy-policy/,internal,missing-local-target,Privacy Policy
https://workofarttattoo.com/healing_database_black_grey_day_2_las_vegas/,/privacy-policy/,internal,missing-local-target,Privacy Policy
https://workofarttattoo.com/healing_database_black_grey_day_3_las_vegas/,/privacy-policy/,internal,missing-local-target,Privacy Policy
https://workofarttattoo.com/healing_database_black_grey_day_4_las_vegas/,/privacy-policy/,internal,missing-local-target,Privacy Policy
https://workofarttattoo.com/healing_database_black_grey_month_1_las_vegas/,/privacy-policy/,internal,missing-local-target,Privacy Policy
https://workofarttattoo.com/healing_database_black_grey_month_3_las_vegas/,/privacy-policy/,internal,missing-local-target,Privacy Policy
https://workofarttattoo.com/healing_database_black_grey_month_6_las_vegas/,/privacy-policy/,internal,missing-local-target,Privacy Policy
https://workofarttattoo.com/healing_database_black_grey_tattoos_las_vegas/,/privacy-policy/,internal,missing-local-target,Privacy Policy
https://workofarttattoo.com/healing_database_black_grey_week_1_las_vegas/,/privacy-policy/,internal,missing-local-target,Privacy Policy
https://workofarttattoo.com/healing_database_black_grey_week_2_las_vegas/,/privacy-policy/,internal,missing-local-target,Privacy Policy
https://workofarttattoo.com/healing_database_black_grey_week_3_las_vegas/,/privacy-policy/,internal,missing-local-target,Privacy Policy
https://workofarttattoo.com/healing_database_black_grey_year_1_las_vegas/,/privacy-policy/,internal,missing-local-target,Privacy Policy
https://workofarttattoo.com/healing_database_color_day_1_las_vegas/,/privacy-policy/,internal,missing-local-target,Privacy Policy
https://workofarttattoo.com/healing_database_color_day_2_las_vegas/,/privacy-policy/,internal,missing-local-target,Privacy Policy
https://workofarttattoo.com/healing_database_color_day_3_las_vegas/,/privacy-policy/,internal,missing-local-target,Privacy Policy
https://workofarttattoo.com/healing_database_color_day_4_las_vegas/,/privacy-policy/,internal,missing-local-target,Privacy Policy
https://workofarttattoo.com/healing_database_color_month_1_las_vegas/,/privacy-policy/,internal,missing-local-target,Privacy Policy
https://workofarttattoo.com/healing_database_color_month_3_las_vegas/,/privacy-policy/,internal,missing-local-target,Privacy Policy
https://workofarttattoo.com/healing_database_color_month_6_las_vegas/,/privacy-policy/,internal,missing-local-target,Privacy Policy
https://workofarttattoo.com/healing_database_color_tattoos_las_vegas/,/privacy-policy/,internal,missing-local-target,Privacy Policy
https://workofarttattoo.com/healing_database_color_week_1_las_vegas/,/privacy-policy/,internal,missing-local-target,Privacy Policy
https://workofarttattoo.com/healing_database_color_week_2_las_vegas/,/privacy-policy/,internal,missing-local-target,Privacy Policy
https://workofarttattoo.com/healing_database_color_week_3_las_vegas/,/privacy-policy/,internal,missing-local-target,Privacy Policy
https://workofarttattoo.com/healing_database_color_year_1_las_vegas/,/privacy-policy/,internal,missing-local-target,Privacy Policy
https://workofarttattoo.com/healing_database_cover_ups_day_1_las_vegas/,/privacy-policy/,internal,missing-local-target,Privacy Policy
https://workofarttattoo.com/healing_database_cover_ups_day_2_las_vegas/,/privacy-policy/,internal,missing-local-target,Privacy Policy
https://workofarttattoo.com/healing_database_cover_ups_day_3_las_vegas/,/privacy-policy/,internal,missing-local-target,Privacy Policy
https://workofarttattoo.com/healing_database_cover_ups_day_4_las_vegas/,/privacy-policy/,internal,missing-local-target,Privacy Policy
https://workofarttattoo.com/healing_database_cover_ups_month_1_las_vegas/,/privacy-policy/,internal,missing-local-target,Privacy Policy
https://workofarttattoo.com/healing_database_cover_ups_month_3_las_vegas/,/privacy-policy/,internal,missing-local-target,Privacy Policy
https://workofarttattoo.com/healing_database_cover_ups_month_6_las_vegas/,/privacy-policy/,internal,missing-local-target,Privacy Policy
https://workofarttattoo.com/healing_database_cover_ups_tattoos_las_vegas/,/privacy-policy/,internal,missing-local-target,Privacy Policy
https://workofarttattoo.com/healing_database_cover_ups_week_1_las_vegas/,/privacy-policy/,internal,missing-local-target,Privacy Policy
https://workofarttattoo.com/healing_database_cover_ups_week_2_las_vegas/,/privacy-policy/,internal,missing-local-target,Privacy Policy
https://workofarttattoo.com/healing_database_cover_ups_week_3_las_vegas/,/privacy-policy/,internal,missing-local-target,Privacy Policy
https://workofarttattoo.com/healing_database_cover_ups_year_1_las_vegas/,/privacy-policy/,internal,missing-local-target,Privacy Policy
https://workofarttattoo.com/healing_database_fine_line_day_1_las_vegas/,/privacy-policy/,internal,missing-local-target,Privacy Policy
https://workofarttattoo.com/healing_database_fine_line_day_2_las_vegas/,/privacy-policy/,internal,missing-local-target,Privacy Policy
https://workofarttattoo.com/healing_database_fine_line_day_3_las_vegas/,/privacy-policy/,internal,missing-local-target,Privacy Policy
https://workofarttattoo.com/healing_database_fine_line_day_4_las_vegas/,/privacy-policy/,internal,missing-local-target,Privacy Policy
https://workofarttattoo.com/healing_database_fine_line_month_1_las_vegas/,/privacy-policy/,internal,missing-local-target,Privacy Policy
https://workofarttattoo.com/healing_database_fine_line_month_3_las_vegas/,/privacy-policy/,internal,missing-local-target,Privacy Policy
https://workofarttattoo.com/healing_database_fine_line_month_6_las_vegas/,/privacy-policy/,internal,missing-local-target,Privacy Policy
https://workofarttattoo.com/healing_database_fine_line_tattoos_las_vegas/,/privacy-policy/,internal,missing-local-target,Privacy Policy
https://workofarttattoo.com/healing_database_fine_line_week_1_las_vegas/,/privacy-policy/,internal,missing-local-target,Privacy Policy
https://workofarttattoo.com/healing_database_fine_line_week_2_las_vegas/,/privacy-policy/,internal,missing-local-target,Privacy Policy
https://workofarttattoo.com/healing_database_fine_line_week_3_las_vegas/,/privacy-policy/,internal,missing-local-target,Privacy Policy
https://workofarttattoo.com/healing_database_fine_line_year_1_las_vegas/,/privacy-policy/,internal,missing-local-target,Privacy Policy
https://workofarttattoo.com/healing_database_neo_traditional_day_1_las_vegas/,/privacy-policy/,internal,missing-local-target,Privacy Policy
https://workofarttattoo.com/healing_database_neo_traditional_day_2_las_vegas/,/privacy-policy/,internal,missing-local-target,Privacy Policy
https://workofarttattoo.com/healing_database_neo_traditional_day_3_las_vegas/,/privacy-policy/,internal,missing-local-target,Privacy Policy
https://workofarttattoo.com/healing_database_neo_traditional_day_4_las_vegas/,/privacy-policy/,internal,missing-local-target,Privacy Policy
https://workofarttattoo.com/healing_database_neo_traditional_month_1_las_vegas/,/privacy-policy/,internal,missing-local-target,Privacy Policy
https://workofarttattoo.com/healing_database_neo_traditional_month_3_las_vegas/,/privacy-policy/,internal,missing-local-target,Privacy Policy
https://workofarttattoo.com/healing_database_neo_traditional_month_6_las_vegas/,/privacy-policy/,internal,missing-local-target,Privacy Policy
https://workofarttattoo.com/healing_database_neo_traditional_tattoos_las_vegas/,/privacy-policy/,internal,missing-local-target,Privacy Policy
https://workofarttattoo.com/healing_database_neo_traditional_week_1_las_vegas/,/privacy-policy/,internal,missing-local-target,Privacy Policy
https://workofarttattoo.com/healing_database_neo_traditional_week_2_las_vegas/,/privacy-policy/,internal,missing-local-target,Privacy Policy
https://workofarttattoo.com/healing_database_neo_traditional_week_3_las_vegas/,/privacy-policy/,internal,missing-local-target,Privacy Policy
https://workofarttattoo.com/healing_database_neo_traditional_year_1_las_vegas/,/privacy-policy/,internal,missing-local-target,Privacy Policy
https://workofarttattoo.com/healing_database_portraits_day_1_las_vegas/,/privacy-policy/,internal,missing-local-target,Privacy Policy
https://workofarttattoo.com/healing_database_portraits_day_2_las_vegas/,/privacy-policy/,internal,missing-local-target,Privacy Policy
https://workofarttattoo.com/healing_database_portraits_day_3_las_vegas/,/privacy-policy/,internal,missing-local-target,Privacy Policy
https://workofarttattoo.com/healing_database_portraits_day_4_las_vegas/,/privacy-policy/,internal,missing-local-target,Privacy Policy
https://workofarttattoo.com/healing_database_portraits_month_1_las_vegas/,/privacy-policy/,internal,missing-local-target,Privacy Policy
https://workofarttattoo.com/healing_database_portraits_month_3_las_vegas/,/privacy-policy/,internal,missing-local-target,Privacy Policy
https://workofarttattoo.com/healing_database_portraits_month_6_las_vegas/,/privacy-policy/,internal,missing-local-target,Privacy Policy
https://workofarttattoo.com/healing_database_portraits_tattoos_las_vegas/,/privacy-policy/,internal,missing-local-target,Privacy Policy
https://workofarttattoo.com/healing_database_portraits_week_1_las_vegas/,/privacy-policy/,internal,missing-local-target,Privacy Policy
https://workofarttattoo.com/healing_database_portraits_week_2_las_vegas/,/privacy-policy/,internal,missing-local-target,Privacy Policy
https://workofarttattoo.com/healing_database_portraits_week_3_las_vegas/,/privacy-policy/,internal,missing-local-target,Privacy Policy
https://workofarttattoo.com/healing_database_portraits_year_1_las_vegas/,/privacy-policy/,internal,missing-local-target,Privacy Policy
https://workofarttattoo.com/healing_database_tattoo_day_1_las_vegas/,/privacy-policy/,internal,missing-local-target,Privacy Policy
https://workofarttattoo.com/healing_database_tattoo_day_2_las_vegas/,/privacy-policy/,internal,missing-local-target,Privacy Policy
https://workofarttattoo.com/healing_database_tattoo_day_3_las_vegas/,/privacy-policy/,internal,missing-local-target,Privacy Policy
https://workofarttattoo.com/healing_database_tattoo_day_4_las_vegas/,/privacy-policy/,internal,missing-local-target,Privacy Policy
https://workofarttattoo.com/healing_database_tattoo_month_1_las_vegas/,/privacy-policy/,internal,missing-local-target,Privacy Policy
https://workofarttattoo.com/healing_database_tattoo_month_3_las_vegas/,/privacy-policy/,internal,missing-local-target,Privacy Policy
https://workofarttattoo.com/healing_database_tattoo_month_6_las_vegas/,/privacy-policy/,internal,missing-local-target,Privacy Policy
https://workofarttattoo.com/healing_database_tattoo_timeline_encyclopedia_las_vegas/,/privacy-policy/,internal,missing-local-target,Privacy Policy
https://workofarttattoo.com/healing_database_tattoo_week_1_las_vegas/,/privacy-policy/,internal,missing-local-target,Privacy Policy
https://workofarttattoo.com/healing_database_tattoo_week_2_las_vegas/,/privacy-policy/,internal,missing-local-target,Privacy Policy
https://workofarttattoo.com/healing_database_tattoo_week_3_las_vegas/,/privacy-policy/,internal,missing-local-target,Privacy Policy
https://workofarttattoo.com/healing_database_tattoo_year_1_las_vegas/,/privacy-policy/,internal,missing-local-target,Privacy Policy
https://workofarttattoo.com/healing_database_traditional_day_1_las_vegas/,/privacy-policy/,internal,missing-local-target,Privacy Policy
https://workofarttattoo.com/healing_database_traditional_day_2_las_vegas/,/privacy-policy/,internal,missing-local-target,Privacy Policy
https://workofarttattoo.com/healing_database_traditional_day_3_las_vegas/,/privacy-policy/,internal,missing-local-target,Privacy Policy
https://workofarttattoo.com/healing_database_traditional_day_4_las_vegas/,/privacy-policy/,internal,missing-local-target,Privacy Policy
https://workofarttattoo.com/healing_database_traditional_month_1_las_vegas/,/privacy-policy/,internal,missing-local-target,Privacy Policy
https://workofarttattoo.com/healing_database_traditional_month_3_las_vegas/,/privacy-policy/,internal,missing-local-target,Privacy Policy
https://workofarttattoo.com/healing_database_traditional_month_6_las_vegas/,/privacy-policy/,internal,missing-local-target,Privacy Policy
https://workofarttattoo.com/healing_database_traditional_tattoos_las_vegas/,/privacy-policy/,internal,missing-local-target,Privacy Policy
https://workofarttattoo.com/healing_database_traditional_week_1_las_vegas/,/privacy-policy/,internal,missing-local-target,Privacy Policy
https://workofarttattoo.com/healing_database_traditional_week_2_las_vegas/,/privacy-policy/,internal,missing-local-target,Privacy Policy
https://workofarttattoo.com/healing_database_traditional_week_3_las_vegas/,/privacy-policy/,internal,missing-local-target,Privacy Policy
https://workofarttattoo.com/healing_database_traditional_year_1_las_vegas/,/privacy-policy/,internal,missing-local-target,Privacy Policy
https://workofarttattoo.com/helix-piercing-las-vegas/,/privacy-policy/,internal,missing-local-target,Privacy Policy
https://workofarttattoo.com/helix_piercing_las_vegas_authority_guide/,/privacy-policy/,internal,missing-local-target,Privacy Policy
https://workofarttattoo.com/high_nostril_piercing_las_vegas_authority_guide/,/privacy-policy/,internal,missing-local-target,Privacy Policy
https://workofarttattoo.com/how_much_do_tattoos_cost_in_las_vegas_authority_guide/,/privacy-policy/,internal,missing-local-target,Privacy Policy
https://workofarttattoo.com/how_to_choose_a_tattoo_artist_master_selection_guide_2/,/privacy-policy/,internal,missing-local-target,Privacy Policy
https://workofarttattoo.com/hypodermis_skin_science_las_vegas_authority_guide/,/privacy-policy/,internal,missing-local-target,Privacy Policy
https://workofarttattoo.com/industrial_piercing_las_vegas_authority_guide/,/privacy-policy/,internal,missing-local-target,Privacy Policy
https://workofarttattoo.com/joshua_oil_painting_black_grey_tattoo_aging_las_vegas/,/privacy-policy/,internal,missing-local-target,Privacy Policy
https://workofarttattoo.com/katelyn_anatomy_matters_las_vegas_authority_guide/,/privacy-policy/,internal,missing-local-target,Privacy Policy
https://workofarttattoo.com/katelyn_butterfly_backs_truth_las_vegas_authority_guide/,/privacy-policy/,internal,missing-local-target,Privacy Policy
https://workofarttattoo.com/katelyn_cole_piercing_authority_hub_las_vegas/,/privacy-policy/,internal,missing-local-target,Privacy Policy
https://workofarttattoo.com/katelyn_downsizing_jewelry_las_vegas_authority_guide/,/privacy-policy/,internal,missing-local-target,Privacy Policy
https://workofarttattoo.com/katelyn_ear_curation_las_vegas_authority_guide/,/privacy-policy/,internal,missing-local-target,Privacy Policy
https://workofarttattoo.com/katelyn_gold_vs_titanium_las_vegas_authority_guide/,/privacy-policy/,internal,missing-local-target,Privacy Policy
https://workofarttattoo.com/katelyn_implant_grade_titanium_las_vegas_authority_guide/,/privacy-policy/,internal,missing-local-target,Privacy Policy
https://workofarttattoo.com/katelyn_piercing_minors_las_vegas_authority_guide/,/privacy-policy/,internal,missing-local-target,Privacy Policy
https://workofarttattoo.com/katelyn_sleeping_on_helix_las_vegas_authority_guide/,/privacy-policy/,internal,missing-local-target,Privacy Policy
https://workofarttattoo.com/katelyn_threadless_jewelry_las_vegas_authority_guide/,/privacy-policy/,internal,missing-local-target,Privacy Policy
https://workofarttattoo.com/katelyn_why_piercings_reject_las_vegas_authority_guide/,/privacy-policy/,internal,missing-local-target,Privacy Policy
https://workofarttattoo.com/labret_piercing_las_vegas_authority_guide/,/privacy-policy/,internal,missing-local-target,Privacy Policy
https://workofarttattoo.com/large_scale_projects_variant_a_authentic_art_rotation/,/privacy-policy/,internal,missing-local-target,Privacy Policy
https://workofarttattoo.com/las-vegas-tattoo-healing-guide/,/privacy-policy/,internal,missing-local-target,Privacy Policy
https://workofarttattoo.com/lip_piercing_las_vegas_authority_guide/,/privacy-policy/,internal,missing-local-target,Privacy Policy
https://workofarttattoo.com/macrophages_skin_science_las_vegas_authority_guide/,/privacy-policy/,internal,missing-local-target,Privacy Policy
https://workofarttattoo.com/merchandise/,/privacy-policy/,internal,missing-local-target,Privacy Policy
https://workofarttattoo.com/monroe_piercing_las_vegas_authority_guide/,/privacy-policy/,internal,missing-local-target,Privacy Policy
https://workofarttattoo.com/navel_piercing_las_vegas_authority_guide/,/privacy-policy/,internal,missing-local-target,Privacy Policy
https://workofarttattoo.com/nipple_piercing_las_vegas_authority_guide/,/privacy-policy/,internal,missing-local-target,Privacy Policy
https://workofarttattoo.com/nose_piercing_las_vegas_authority_guide/,/privacy-policy/,internal,missing-local-target,Privacy Policy
https://workofarttattoo.com/nostril_piercing_las_vegas_authority_guide/,/privacy-policy/,internal,missing-local-target,Privacy Policy
https://workofarttattoo.com/official_location_hours_contact/,/privacy-policy/,internal,missing-local-target,Privacy Policy
https://workofarttattoo.com/offsite_bookings/,/privacy-policy/,internal,missing-local-target,Privacy Policy
https://workofarttattoo.com/oral_piercing_guide_las_vegas/,/privacy-policy/,internal,missing-local-target,Privacy Policy
https://workofarttattoo.com/orbital_piercing_las_vegas_authority_guide/,/privacy-policy/,internal,missing-local-target,Privacy Policy
https://workofarttattoo.com/philtrum_piercing_las_vegas_authority_guide/,/privacy-policy/,internal,missing-local-target,Privacy Policy
https://workofarttattoo.com/piercing-guide-las-vegas/,/privacy-policy/,internal,missing-local-target,Privacy Policy
https://workofarttattoo.com/piercing_aftercare_desert_climate_las_vegas_expert_guide/,/privacy-policy/,internal,missing-local-target,Privacy Policy
https://workofarttattoo.com/piercing_aftercare_guide_las_vegas/,/privacy-policy/,internal,missing-local-target,Privacy Policy
https://workofarttattoo.com/piercing_healing_guide_las_vegas/,/privacy-policy/,internal,missing-local-target,Privacy Policy
https://workofarttattoo.com/piercing_jewelry_guide_las_vegas/,/privacy-policy/,internal,missing-local-target,Privacy Policy
https://workofarttattoo.com/piercing_types_las_vegas_authority_hub/,/privacy-policy/,internal,missing-local-target,Privacy Policy
https://workofarttattoo.com/psoriasis_skin_science_las_vegas_authority_guide/,/privacy-policy/,internal,missing-local-target,Privacy Policy
https://workofarttattoo.com/real_client_tattoo_timeline_las_vegas/,/privacy-policy/,internal,missing-local-target,Privacy Policy
https://workofarttattoo.com/realism-tattoos-las-vegas/,/privacy-policy/,internal,missing-local-target,Privacy Policy
https://workofarttattoo.com/realism_tattoos_las_vegas_master_authority_guide/,/privacy-policy/,internal,missing-local-target,Privacy Policy
https://workofarttattoo.com/review_funnel_google_authority_hub/,/privacy-policy/,internal,missing-local-target,Privacy Policy
https://workofarttattoo.com/reviews_vault_100_verified_masterpieces/,/privacy-policy/,internal,missing-local-target,Privacy Policy
https://workofarttattoo.com/rook_piercing_las_vegas_authority_guide/,/privacy-policy/,internal,missing-local-target,Privacy Policy
https://workofarttattoo.com/scar_tissue_tattoo_skin_science_las_vegas_authority_guide/,/privacy-policy/,internal,missing-local-target,Privacy Policy
https://workofarttattoo.com/septum_piercing_las_vegas_authority_guide/,/privacy-policy/,internal,missing-local-target,Privacy Policy
https://workofarttattoo.com/skin_science_tattoo_dermatology_authority_guide/,/privacy-policy/,internal,missing-local-target,Privacy Policy
https://workofarttattoo.com/snake_bites_piercing_las_vegas_authority_guide/,/privacy-policy/,internal,missing-local-target,Privacy Policy
https://workofarttattoo.com/snug_piercing_las_vegas_authority_guide/,/privacy-policy/,internal,missing-local-target,Privacy Policy
https://workofarttattoo.com/start_here/,/privacy-policy/,internal,missing-local-target,Privacy Policy
https://workofarttattoo.com/stretch_marks_skin_science_las_vegas_authority_guide/,/privacy-policy/,internal,missing-local-target,Privacy Policy
https://workofarttattoo.com/studio_gallery/,/privacy-policy/,internal,missing-local-target,Privacy Policy
https://workofarttattoo.com/studio_videos/,/privacy-policy/,internal,missing-local-target,Privacy Policy
https://workofarttattoo.com/surface_piercing_las_vegas_authority_guide/,/privacy-policy/,internal,missing-local-target,Privacy Policy
https://workofarttattoo.com/tattoo-aftercare-desert-climate/,/privacy-policy/,internal,missing-local-target,Privacy Policy
https://workofarttattoo.com/tattoo_healing_before_after_real_results/,/privacy-policy/,internal,missing-local-target,Privacy Policy
https://workofarttattoo.com/tattoo_healing_in_desert_climate_expert_aftercare_guide/,/privacy-policy/,internal,missing-local-target,Privacy Policy
https://workofarttattoo.com/tattoo_pain_chart_placement_sensitivity_guide/,/privacy-policy/,internal,missing-local-target,Privacy Policy
https://workofarttattoo.com/tattoo_shop_near_the_strip_geo_seo_optimized/,/privacy-policy/,internal,missing-local-target,Privacy Policy
https://workofarttattoo.com/tattoo_shop_near_the_strip_nap_corrected/,/privacy-policy/,internal,missing-local-target,Privacy Policy
https://workofarttattoo.com/tongue_piercing_las_vegas_authority_guide/,/privacy-policy/,internal,missing-local-target,Privacy Policy
https://workofarttattoo.com/tragus_piercing_las_vegas_authority_guide/,/privacy-policy/,internal,missing-local-target,Privacy Policy
https://workofarttattoo.com/upper_lobe_piercing_las_vegas_authority_guide/,/privacy-policy/,internal,missing-local-target,Privacy Policy
https://workofarttattoo.com/vegas_tattoo_shop_vs_cheap_strip_tattoo_ultimate_comparison/,/privacy-policy/,internal,missing-local-target,Privacy Policy
https://workofarttattoo.com/vegas_tattoo_shop_vs_cheap_strip_tattoo_what_you_need_to_know/,/privacy-policy/,internal,missing-local-target,Privacy Policy
https://workofarttattoo.com/vertical_labret_piercing_las_vegas_authority_guide/,/privacy-policy/,internal,missing-local-target,Privacy Policy
https://workofarttattoo.com/walk-in-tattoos-las-vegas/,/privacy-policy/,internal,missing-local-target,Privacy Policy
https://workofarttattoo.com/walk_in_tattoos_las_vegas_authority_guide/,/privacy-policy/,internal,missing-local-target,Privacy Policy
https://workofarttattoo.com/why_tattoos_stay_forever_skin_science_las_vegas_authority_guide/,/privacy-policy/,internal,missing-local-target,Privacy Policy
