overlap_bucket,page_count,recommended_action,urls
Katelyn piercing entity,11,Consolidate weak variants into hub sections; no new pages.,https://www.workofarttattoo.com/artists/katelyn-cole/ | https://www.workofarttattoo.com/flat_piercing_las_vegas_authority_guide/ | https://www.workofarttattoo.com/genital_piercing_las_vegas_authority_guide/ | https://www.workofarttattoo.com/katelyn_anatomy_matters_las_vegas_authority_guide/ | https://www.workofarttattoo.com/katelyn_cole_piercing_authority_hub_las_vegas/ | https://www.workofarttattoo.com/katelyn_gold_vs_titanium_las_vegas_authority_guide/ | https://www.workofarttattoo.com/katelyn_piercing_minors_las_vegas_authority_guide/ | https://www.workofarttattoo.com/katelyn_why_piercings_reject_las_vegas_authority_guide/ | https://www.workofarttattoo.com/orbital_piercing_las_vegas_authority_guide/ | https://www.workofarttattoo.com/snake_bites_piercing_las_vegas_authority_guide/ | https://www.workofarttattoo.com/snug_piercing_las_vegas_authority_guide/
body piercing placement,3,"Keep hub + strongest clusters; improve, do not multiply.",https://www.workofarttattoo.com/navel_piercing_las_vegas_authority_guide/ | https://www.workofarttattoo.com/nipple_piercing_las_vegas_authority_guide/ | https://www.workofarttattoo.com/surface_piercing_las_vegas_authority_guide/
ear piercing placement,27,"Keep hub + strongest clusters; improve, do not multiply.",https://www.workofarttattoo.com/anti_tragus_piercing_las_vegas_authority_guide/ | https://www.workofarttattoo.com/conch_piercing_las_vegas_authority_guide/ | https://www.workofarttattoo.com/daith_piercing_las_vegas_authority_guide/ | https://www.workofarttattoo.com/ear_curation_piercing_las_vegas_authority_guide/ | https://www.workofarttattoo.com/ear_lobe_piercing_las_vegas_authority_guide/ | https://www.workofarttattoo.com/ear_piercing_guide_las_vegas/ | https://www.workofarttattoo.com/forward_helix_piercing_las_vegas_authority_guide/ | https://www.workofarttattoo.com/helix-piercing-las-vegas/ | https://www.workofarttattoo.com/helix_piercing_las_vegas_authority_guide/ | https://www.workofarttattoo.com/industrial_piercing_las_vegas_authority_guide/ | https://www.workofarttattoo.com/katelyn_ear_curation_las_vegas_authority_guide/ | https://www.workofarttattoo.com/katelyn_sleeping_on_helix_las_vegas_authority_guide/ | https://www.workofarttattoo.com/rook_piercing_las_vegas_authority_guide/ | https://www.workofarttattoo.com/tattoo_piercing_shop_near_unlv/ | https://www.workofarttattoo.com/tattoo_shop_near_allegiant_stadium_las_vegas/ | https://www.workofarttattoo.com/tattoo_shop_near_fashion_show_las_vegas/ | https://www.workofarttattoo.com/tattoo_shop_near_fremont_street_las_vegas/ | https://www.workofarttattoo.com/tattoo_shop_near_las_vegas_airport/ | https://www.workofarttattoo.com/tattoo_shop_near_las_vegas_convention_center/ | https://www.workofarttattoo.com/tattoo_shop_near_mandalay_bay_las_vegas/ | https://www.workofarttattoo.com/tattoo_shop_near_mgm_grand_las_vegas/ | https://www.workofarttattoo.com/tattoo_shop_near_t_mobile_arena_las_vegas/ | https://www.workofarttattoo.com/tattoo_shop_near_the_sphere_las_vegas/ | https://www.workofarttattoo.com/tattoo_shop_near_the_strip_geo_seo_optimized/ | https://www.workofarttattoo.com/tattoo_shop_near_the_strip_nap_corrected/ | https://www.workofarttattoo.com/tragus_piercing_las_vegas_authority_guide/ | https://www.workofarttattoo.com/upper_lobe_piercing_las_vegas_authority_guide/
facial piercing placement,6,"Keep hub + strongest clusters; improve, do not multiply.",https://www.workofarttattoo.com/anti_eyebrow_piercing_las_vegas_authority_guide/ | https://www.workofarttattoo.com/bridge_piercing_las_vegas_authority_guide/ | https://www.workofarttattoo.com/eyebrow_piercing_las_vegas_authority_guide/ | https://www.workofarttattoo.com/high_nostril_piercing_las_vegas_authority_guide/ | https://www.workofarttattoo.com/nostril_piercing_las_vegas_authority_guide/ | https://www.workofarttattoo.com/septum_piercing_las_vegas_authority_guide/
local visitor mixed tattoo/piercing,13,Consolidate weak variants into hub sections; no new pages.,https://www.workofarttattoo.com/body_piercing_guide_las_vegas/ | https://www.workofarttattoo.com/facial_piercing_guide_las_vegas/ | https://www.workofarttattoo.com/knowledge/luxury-studio-vs-strip-walk-in/ | https://www.workofarttattoo.com/knowledge/tattoo-shop-near-strip-worth-drive/ | https://www.workofarttattoo.com/oral_piercing_guide_las_vegas/ | https://www.workofarttattoo.com/piercing-shop-standards/ | https://www.workofarttattoo.com/studio-vs-strip-shops/ | https://www.workofarttattoo.com/tattoo_shop_serving_downtown_las_vegas/ | https://www.workofarttattoo.com/tattoo_shop_serving_henderson_nevada/ | https://www.workofarttattoo.com/tattoo_shop_serving_north_las_vegas/ | https://www.workofarttattoo.com/tattoo_shop_serving_summerlin_las_vegas/ | https://www.workofarttattoo.com/vegas_tattoo_shop_vs_cheap_strip_tattoo_ultimate_comparison/ | https://www.workofarttattoo.com/vegas_tattoo_shop_vs_cheap_strip_tattoo_what_you_need_to_know/
oral piercing placement,6,"Keep hub + strongest clusters; improve, do not multiply.",https://www.workofarttattoo.com/frog_eyes_tongue_piercing_las_vegas_authority_guide/ | https://www.workofarttattoo.com/labret_piercing_las_vegas_authority_guide/ | https://www.workofarttattoo.com/monroe_piercing_las_vegas_authority_guide/ | https://www.workofarttattoo.com/philtrum_piercing_las_vegas_authority_guide/ | https://www.workofarttattoo.com/tongue_piercing_las_vegas_authority_guide/ | https://www.workofarttattoo.com/vertical_labret_piercing_las_vegas_authority_guide/
piercing aftercare/healing,116,Consolidate weak variants into hub sections; no new pages.,https://www.workofarttattoo.com/cartilage_piercing_las_vegas_authority_guide/ | https://www.workofarttattoo.com/diabetes_skin_science_las_vegas_authority_guide/ | https://www.workofarttattoo.com/ear_piercing_las_vegas_authority_guide/ | https://www.workofarttattoo.com/fine_line_tattoos_las_vegas_master_authority_guide/ | https://www.workofarttattoo.com/healing_database_black_grey_day_1_las_vegas/ | https://www.workofarttattoo.com/healing_database_black_grey_day_2_las_vegas/ | https://www.workofarttattoo.com/healing_database_black_grey_day_3_las_vegas/ | https://www.workofarttattoo.com/healing_database_black_grey_day_4_las_vegas/ | https://www.workofarttattoo.com/healing_database_black_grey_month_1_las_vegas/ | https://www.workofarttattoo.com/healing_database_black_grey_month_3_las_vegas/ | https://www.workofarttattoo.com/healing_database_black_grey_month_6_las_vegas/ | https://www.workofarttattoo.com/healing_database_black_grey_tattoos_las_vegas/ | https://www.workofarttattoo.com/healing_database_black_grey_week_1_las_vegas/ | https://www.workofarttattoo.com/healing_database_black_grey_week_2_las_vegas/ | https://www.workofarttattoo.com/healing_database_black_grey_week_3_las_vegas/ | https://www.workofarttattoo.com/healing_database_black_grey_year_1_las_vegas/ | https://www.workofarttattoo.com/healing_database_color_day_1_las_vegas/ | https://www.workofarttattoo.com/healing_database_color_day_2_las_vegas/ | https://www.workofarttattoo.com/healing_database_color_day_3_las_vegas/ | https://www.workofarttattoo.com/healing_database_color_day_4_las_vegas/ | https://www.workofarttattoo.com/healing_database_color_month_1_las_vegas/ | https://www.workofarttattoo.com/healing_database_color_month_3_las_vegas/ | https://www.workofarttattoo.com/healing_database_color_month_6_las_vegas/ | https://www.workofarttattoo.com/healing_database_color_tattoos_las_vegas/ | https://www.workofarttattoo.com/healing_database_color_week_1_las_vegas/ | https://www.workofarttattoo.com/healing_database_color_week_2_las_vegas/ | https://www.workofarttattoo.com/healing_database_color_week_3_las_vegas/ | https://www.workofarttattoo.com/healing_database_color_year_1_las_vegas/ | https://www.workofarttattoo.com/healing_database_cover_ups_day_1_las_vegas/ | https://www.workofarttattoo.com/healing_database_cover_ups_day_2_las_vegas/
piercing commercial hub,105,Consolidate weak variants into hub sections; no new pages.,https://www.workofarttattoo.com/aging_skin_skin_science_las_vegas_authority_guide/ | https://www.workofarttattoo.com/appointments/ | https://www.workofarttattoo.com/artists/ | https://www.workofarttattoo.com/artists/joshua-cole/ | https://www.workofarttattoo.com/artists/teralyn/ | https://www.workofarttattoo.com/best_fine_line_tattoos_in_vegas_ultimate_authority_guide/ | https://www.workofarttattoo.com/best_tattoo_styles_for_sleeves_large_scale_project_hub/ | https://www.workofarttattoo.com/ | https://www.workofarttattoo.com/collagen_skin_science_las_vegas_authority_guide/ | https://www.workofarttattoo.com/cover-up-tattoos-las-vegas/ | https://www.workofarttattoo.com/cover_up_tattoos_las_vegas_master_authority_guide/ | https://www.workofarttattoo.com/dermis_skin_science_las_vegas_authority_guide/ | https://www.workofarttattoo.com/eczema_skin_science_las_vegas_authority_guide/ | https://www.workofarttattoo.com/epidermis_skin_science_las_vegas_authority_guide/ | https://www.workofarttattoo.com/flash_art_deals_under_100/ | https://www.workofarttattoo.com/geo_hub_ai_source_of_truth_work_of_art/ | https://www.workofarttattoo.com/healed_black_grey_tattoos_las_vegas/ | https://www.workofarttattoo.com/healed_color_tattoos_las_vegas/ | https://www.workofarttattoo.com/healed_cover_up_tattoos_las_vegas/ | https://www.workofarttattoo.com/healed_fine_line_tattoos_las_vegas/ | https://www.workofarttattoo.com/healed_portrait_tattoos_las_vegas/ | https://www.workofarttattoo.com/healed_sleeve_tattoos_las_vegas/ | https://www.workofarttattoo.com/healed_tattoo_gallery_las_vegas/ | https://www.workofarttattoo.com/home_work_of_art_tattoo_piercing/ | https://www.workofarttattoo.com/how-to-choose-a-tattoo-artist/ | https://www.workofarttattoo.com/how_much_do_tattoos_cost_in_las_vegas_authority_guide/ | https://www.workofarttattoo.com/how_to_choose_a_tattoo_artist_master_selection_guide_2/ | https://www.workofarttattoo.com/hypodermis_skin_science_las_vegas_authority_guide/ | https://www.workofarttattoo.com/image-license/ | https://www.workofarttattoo.com/joshua_oil_painting_black_grey_tattoo_aging_las_vegas/
piercing jewelry/downsizing,7,"Keep hub + strongest clusters; improve, do not multiply.",https://www.workofarttattoo.com/best_piercing_shop_las_vegas_updated_jewelry_standards/ | https://www.workofarttattoo.com/katelyn_butterfly_backs_truth_las_vegas_authority_guide/ | https://www.workofarttattoo.com/katelyn_downsizing_jewelry_las_vegas_authority_guide/ | https://www.workofarttattoo.com/katelyn_implant_grade_titanium_las_vegas_authority_guide/ | https://www.workofarttattoo.com/katelyn_threadless_jewelry_las_vegas_authority_guide/ | https://www.workofarttattoo.com/knowledge/piercing-starter-jewelry-fit/ | https://www.workofarttattoo.com/piercing_jewelry_guide_las_vegas/
