route,main_exists,main_path,main_title,main_canonical,main_h1,main_hash,ghpages_exists,ghpages_path,ghpages_title,ghpages_hash,live_status,live_title,live_canonical,live_h1,live_hash,status,action
/,True,index.html,Tattoo and Piercing Shop Near Me | Las Vegas | Work of Art,https://workofarttattoo.com/,,e70fce20cba2,True,index.html,Tattoo and Piercing Shop Near Me | Las Vegas | Work of Art,e70fce20cba2,200,Tattoo and Piercing Shop Near Me | Las Vegas | Work of Art,https://workofarttattoo.com/,,e70fce20cba2,MATCH,Live matches gh-pages; main aligned; live canonical=https://workofarttattoo.com/; live missing email; main missing email
/artists/,True,artists/index.html,Artists | Work of Art Tattoo & Piercing Las Vegas,https://workofarttattoo.com/artists/,Artists at Work of Art,3efe7debd381,True,artists/index.html,Artists | Work of Art Tattoo & Piercing Las Vegas,3efe7debd381,200,Artists | Work of Art Tattoo & Piercing Las Vegas,https://workofarttattoo.com/artists/,Artists at Work of Art,3efe7debd381,MATCH,Live matches gh-pages; main aligned; live canonical=https://workofarttattoo.com/artists/; live missing email; main missing email
/artists/joshua-cole/,True,artists/joshua-cole/index.html,Joshua Cole | Realism Tattoo Artist Las Vegas | Work of Art,https://workofarttattoo.com/artists/joshua-cole/,Joshua Cole — Realism Tattoo Artist Las Vegas,b0ea78df0127,True,artists/joshua-cole/index.html,Joshua Cole | Realism Tattoo Artist Las Vegas | Work of Art,b0ea78df0127,200,Joshua Cole | Realism Tattoo Artist Las Vegas | Work of Art,https://workofarttattoo.com/artists/joshua-cole/,Joshua Cole — Realism Tattoo Artist Las Vegas,b0ea78df0127,MATCH,Live matches gh-pages; main aligned; live canonical=https://workofarttattoo.com/artists/joshua-cole/; live missing email; main missing email
/artists/katelyn-cole/,True,artists/katelyn-cole/index.html,Ear Piercing Las Vegas | Katelyn Cole | Work of Art,https://workofarttattoo.com/artists/katelyn-cole/,Katelyn Cole — Ear Piercing in Las Vegas,daf264414f01,True,artists/katelyn-cole/index.html,Ear Piercing Las Vegas | Katelyn Cole | Work of Art,daf264414f01,200,Ear Piercing Las Vegas | Katelyn Cole | Work of Art,https://workofarttattoo.com/artists/katelyn-cole/,Katelyn Cole — Ear Piercing in Las Vegas,daf264414f01,MATCH,Live matches gh-pages; main aligned; live canonical=https://workofarttattoo.com/artists/katelyn-cole/; live missing email; main missing email
/artists/teralyn/,True,artists/teralyn/code.html,Teralyn | Tattoo Artist & Piercer Las Vegas | Work of Art,https://www.workofarttattoo.com/artists/teralyn/,Teralyn,f036737177a0,True,artists/teralyn/index.html,Teralyn | Tattoo Artist & Piercer Las Vegas | Work of Art,007601fa311d,200,Teralyn | Tattoo Artist & Piercer Las Vegas | Work of Art,https://www.workofarttattoo.com/artists/teralyn/,Teralyn,007601fa311d,MAIN AHEAD,Live=gh-pages; main has newer code.html source not yet deployed; main source=artists/teralyn/code.html (no index.html); hash main=f036737177a0 live=007601fa311d
/appointments/,True,appointments/index.html,Book an Appointment | Work of Art Tattoo & Piercing Las Vegas,https://workofarttattoo.com/appointments/,Book your appointment,76044848722a,True,appointments/index.html,Book an Appointment | Work of Art Tattoo & Piercing Las Vegas,76044848722a,200,Book an Appointment | Work of Art Tattoo & Piercing Las Vegas,https://workofarttattoo.com/appointments/,Book your appointment,76044848722a,MATCH,Live matches gh-pages; main aligned; live canonical=https://workofarttattoo.com/appointments/; live missing email; main missing email
/merchandise/,True,merchandise/code.html,Merchandise & Original Art | Work of Art Tattoo Las Vegas,https://www.workofarttattoo.com/merchandise/,Merchandise & one-of-a-kind pieces,d7886124b791,True,merchandise/index.html,Merchandise & Original Art | Work of Art Tattoo Las Vegas,f4873e997e3a,200,Merchandise & Original Art | Work of Art Tattoo Las Vegas,https://www.workofarttattoo.com/merchandise/,Merchandise & one-of-a-kind pieces,f4873e997e3a,MAIN AHEAD,Live=gh-pages; main has newer code.html source not yet deployed; main source=merchandise/code.html (no index.html); hash main=d7886124b791 live=f4873e997e3a
/cover-up-tattoos-las-vegas/,True,cover-up-tattoos-las-vegas/code.html,Tattoo Cover-Ups — Joshua Cole | Work of Art Las Vegas | Work of Art,https://www.workofarttattoo.com/cover-up-tattoos-las-vegas/,Cover Up Tattoos Las Vegas,45a473af1b23,True,cover-up-tattoos-las-vegas/index.html,Tattoo Cover-Ups — Joshua Cole | Work of Art Las Vegas | Work of Art,7301922826bd,200,Tattoo Cover-Ups — Joshua Cole | Work of Art Las Vegas | Work of Art,https://www.workofarttattoo.com/cover-up-tattoos-las-vegas/,Cover Up Tattoos Las Vegas,7301922826bd,MAIN AHEAD,Live=gh-pages; main has newer code.html source not yet deployed; main source=cover-up-tattoos-las-vegas/code.html (no index.html); hash main=45a473af1b23 live=7301922826bd
/best_piercing_shop_las_vegas_updated_jewelry_standards/,True,best_piercing_shop_las_vegas_updated_jewelry_standards/index.html,Body Piercing Store Near Me Las Vegas | Helix | Work of Art,https://workofarttattoo.com/best_piercing_shop_las_vegas_updated_jewelry_standards/,Body Piercing Store Near Me — Las Vegas,b719ca4311c7,True,best_piercing_shop_las_vegas_updated_jewelry_standards/index.html,Body Piercing Store Near Me Las Vegas | Helix | Work of Art,b719ca4311c7,200,Body Piercing Store Near Me Las Vegas | Helix | Work of Art,https://workofarttattoo.com/best_piercing_shop_las_vegas_updated_jewelry_standards/,Body Piercing Store Near Me — Las Vegas,b719ca4311c7,MATCH,Live matches gh-pages; main aligned; live canonical=https://workofarttattoo.com/best_piercing_shop_las_vegas_updated_jewelry_standards/; live missing phone; live missing email
/fine_line_tattoos_las_vegas_master_authority_guide/,True,fine_line_tattoos_las_vegas_master_authority_guide/index.html,Fine Line Tattoos Las Vegas | Single Needle Guide | WOA,https://workofarttattoo.com/fine_line_tattoos_las_vegas_master_authority_guide/,Mastering the Micro: The Physics & Art of Fine Line,5281f89d4ac8,True,fine_line_tattoos_las_vegas_master_authority_guide/index.html,Fine Line Tattoos Las Vegas | Single Needle Guide | WOA,5281f89d4ac8,200,Fine Line Tattoos Las Vegas | Single Needle Guide | WOA,https://workofarttattoo.com/fine_line_tattoos_las_vegas_master_authority_guide/,Mastering the Micro: The Physics & Art of Fine Line,5281f89d4ac8,MATCH,Live matches gh-pages; main aligned; live canonical=https://workofarttattoo.com/fine_line_tattoos_las_vegas_master_authority_guide/; live missing phone; live missing email
/best_tattoo_styles_for_sleeves_large_scale_project_hub/,True,best_tattoo_styles_for_sleeves_large_scale_project_hub/code.html,Sleeve & Large-Scale Tattoos — Joshua Cole | Work of Art Las Vegas | Work of Art,https://www.workofarttattoo.com/best_tattoo_styles_for_sleeves_large_scale_project_hub/,Best Tattoo Styles For Sleeves: what to know before you plan,6f31f3f3d924,True,best_tattoo_styles_for_sleeves_large_scale_project_hub/index.html,Best Tattoo Styles For Sleeves | Work of Art Tattoo Las Vegas,65bef9242e0c,200,Best Tattoo Styles For Sleeves | Work of Art Tattoo Las Vegas,,Best Tattoo Styles For Sleeves: Planning & Composition,65bef9242e0c,MAIN AHEAD,Live=gh-pages; main has newer code.html source not yet deployed; main source=best_tattoo_styles_for_sleeves_large_scale_project_hub/code.html (no index.html); hash main=6f31f3f3d924 live=65bef9242e0c; live canonical=
/walk_in_tattoos_las_vegas_authority_guide/,True,walk_in_tattoos_las_vegas_authority_guide/index.html,Jay Jay | Realism Tattoo Artist Las Vegas | Work of Art,https://www.workofarttattoo.com/jay_jay_artist_portfolio_authentic_masterpieces/,Jay Jay - Professional Artist & Rising Star of Las Vegas Realism,1b71a4167651,True,walk_in_tattoos_las_vegas_authority_guide/index.html,Walk-In Tattoos Las Vegas | Tattoo and Piercing Shop Near Me | Work of Art,49cbb6c7284e,200,Walk-In Tattoos Las Vegas | Tattoo and Piercing Shop Near Me | Work of Art,https://workofarttattoo.com/walk_in_tattoos_las_vegas_authority_guide/,Instant Art. Zero Compromise.,49cbb6c7284e,MAIN AHEAD,Live=gh-pages; main source differs — review before deploy; hash main=1b71a4167651 live=49cbb6c7284e; live canonical=https://workofarttattoo.com/walk_in_tattoos_las_vegas_authority_guide/; title drift main≠gh-pages
/tattoo_shop_near_the_strip_geo_seo_optimized/,True,tattoo_shop_near_the_strip_geo_seo_optimized/index.html,Tattoo and Piercing Shops Near Me Las Vegas | Strip Area | Work of Art,https://workofarttattoo.com/tattoo_shop_near_the_strip_geo_seo_optimized/,"Vegas Artistry, No Ego Culture.",e4f02b8b0b0a,True,tattoo_shop_near_the_strip_geo_seo_optimized/index.html,Tattoo and Piercing Shops Near Me Las Vegas | Strip Area | Work of Art,e4f02b8b0b0a,200,Tattoo and Piercing Shops Near Me Las Vegas | Strip Area | Work of Art,https://workofarttattoo.com/tattoo_shop_near_the_strip_geo_seo_optimized/,"Vegas Artistry, No Ego Culture.",e4f02b8b0b0a,MATCH,Live matches gh-pages; main aligned; live canonical=https://workofarttattoo.com/tattoo_shop_near_the_strip_geo_seo_optimized/; live missing email; main missing email
/dermis_skin_science_las_vegas_authority_guide/,True,dermis_skin_science_las_vegas_authority_guide/code.html,The Dermis — Where Tattoo Ink Lives | Work of Art,https://www.workofarttattoo.com/dermis_skin_science_las_vegas_authority_guide/,The Dermis — Where Tattoo Ink Lives,ad906914ede4,False,,,,404,,,,,BROKEN,"Build/deploy route; gh-pages missing, live 404; main source=dermis_skin_science_las_vegas_authority_guide/code.html (no index.html)"
