old_url,recommended_clean_url,keep_or_redirect,reason,source_file
https://workofarttattoo.com/,https://workofarttattoo.com/,keep,Already clean enough or needed as a static asset/page path.,code.html
https://workofarttattoo.com/aging_skin_skin_science_las_vegas_authority_guide/,https://workofarttattoo.com/aging-skin-skin-science/,redirect,Clean URL removes generated slug wording and consolidates duplicate search intent.,aging_skin_skin_science_las_vegas_authority_guide/code.html
https://workofarttattoo.com/anti_eyebrow_piercing_las_vegas_authority_guide/,https://workofarttattoo.com/anti-eyebrow-piercing/,redirect,Clean URL removes generated slug wording and consolidates duplicate search intent.,anti_eyebrow_piercing_las_vegas_authority_guide/code.html
https://workofarttattoo.com/anti_tragus_piercing_las_vegas_authority_guide/,https://workofarttattoo.com/anti-tragus-piercing/,redirect,Clean URL removes generated slug wording and consolidates duplicate search intent.,anti_tragus_piercing_las_vegas_authority_guide/code.html
https://workofarttattoo.com/appointments/,https://workofarttattoo.com/appointments/,keep,Already clean enough or needed as a static asset/page path.,appointments/code.html
https://workofarttattoo.com/appointments/woa-booking-forms.html,https://workofarttattoo.com/appointments/woa-booking-forms.html,keep,Already clean enough or needed as a static asset/page path.,appointments/woa-booking-forms.html
https://workofarttattoo.com/artists/,https://workofarttattoo.com/artists/,keep,Already clean enough or needed as a static asset/page path.,artists/code.html
https://workofarttattoo.com/artists/teralyn/,https://workofarttattoo.com/artists/teralyn/,keep,Already clean enough or needed as a static asset/page path.,artists/teralyn/code.html
https://workofarttattoo.com/artists_build/joshua-cole.html,https://workofarttattoo.com/artists_build/joshua-cole.html,keep,Already clean enough or needed as a static asset/page path.,artists_build/joshua-cole.html
https://workofarttattoo.com/artists_build/katelyn-cole.html,https://workofarttattoo.com/artists_build/katelyn-cole.html,keep,Already clean enough or needed as a static asset/page path.,artists_build/katelyn-cole.html
https://workofarttattoo.com/artists_build/teralyn.html,https://workofarttattoo.com/artists_build/teralyn.html,keep,Already clean enough or needed as a static asset/page path.,artists_build/teralyn.html
https://workofarttattoo.com/artists_raw/joshua.raw.html,https://workofarttattoo.com/artists_raw/joshua.raw.html,keep,Already clean enough or needed as a static asset/page path.,artists_raw/joshua.raw.html
https://workofarttattoo.com/artists_raw/katelyn.raw.html,https://workofarttattoo.com/artists_raw/katelyn.raw.html,keep,Already clean enough or needed as a static asset/page path.,artists_raw/katelyn.raw.html
https://workofarttattoo.com/best_fine_line_tattoos_in_vegas_ultimate_authority_guide/,https://workofarttattoo.com/tattoos/fine-line/,redirect,Clean URL removes generated slug wording and consolidates duplicate search intent.,best_fine_line_tattoos_in_vegas_ultimate_authority_guide/code.html
https://workofarttattoo.com/best_piercing_shop_las_vegas_updated_jewelry_standards/,https://workofarttattoo.com/best-piercing-shop-jewelry-standards/,redirect,Clean URL removes generated slug wording and consolidates duplicate search intent.,best_piercing_shop_las_vegas_updated_jewelry_standards/code.html
https://workofarttattoo.com/best_tattoo_styles_for_sleeves_large_scale_project_hub/,https://workofarttattoo.com/best-tattoo-styles-for-sleeves-large-scale-project/,redirect,Clean URL removes generated slug wording and consolidates duplicate search intent.,best_tattoo_styles_for_sleeves_large_scale_project_hub/code.html
https://workofarttattoo.com/body_piercing_guide_las_vegas/,https://workofarttattoo.com/body-piercing/,redirect,Clean URL removes generated slug wording and consolidates duplicate search intent.,body_piercing_guide_las_vegas/code.html
https://workofarttattoo.com/bridge_piercing_las_vegas_authority_guide/,https://workofarttattoo.com/bridge-piercing/,redirect,Clean URL removes generated slug wording and consolidates duplicate search intent.,bridge_piercing_las_vegas_authority_guide/code.html
https://workofarttattoo.com/cartilage_piercing_las_vegas_authority_guide/,https://workofarttattoo.com/cartilage-piercing/,redirect,Clean URL removes generated slug wording and consolidates duplicate search intent.,cartilage_piercing_las_vegas_authority_guide/code.html
https://workofarttattoo.com/collagen_skin_science_las_vegas_authority_guide/,https://workofarttattoo.com/collagen-skin-science/,redirect,Clean URL removes generated slug wording and consolidates duplicate search intent.,collagen_skin_science_las_vegas_authority_guide/code.html
https://workofarttattoo.com/conch_piercing_las_vegas_authority_guide/,https://workofarttattoo.com/conch-piercing/,redirect,Clean URL removes generated slug wording and consolidates duplicate search intent.,conch_piercing_las_vegas_authority_guide/code.html
https://workofarttattoo.com/cover-up-tattoos-las-vegas/,https://workofarttattoo.com/tattoos/cover-ups/,redirect,Clean URL removes generated slug wording and consolidates duplicate search intent.,cover-up-tattoos-las-vegas/code.html
https://workofarttattoo.com/cover_up_tattoos_las_vegas_master_authority_guide/,https://workofarttattoo.com/tattoos/cover-ups/,redirect,Clean URL removes generated slug wording and consolidates duplicate search intent.,cover_up_tattoos_las_vegas_master_authority_guide/code.html
https://workofarttattoo.com/daith_piercing_las_vegas_authority_guide/,https://workofarttattoo.com/daith-piercing/,redirect,Clean URL removes generated slug wording and consolidates duplicate search intent.,daith_piercing_las_vegas_authority_guide/code.html
https://workofarttattoo.com/dermis_skin_science_las_vegas_authority_guide/,https://workofarttattoo.com/dermis-skin-science/,redirect,Clean URL removes generated slug wording and consolidates duplicate search intent.,dermis_skin_science_las_vegas_authority_guide/code.html
https://workofarttattoo.com/diabetes_skin_science_las_vegas_authority_guide/,https://workofarttattoo.com/diabetes-skin-science/,redirect,Clean URL removes generated slug wording and consolidates duplicate search intent.,diabetes_skin_science_las_vegas_authority_guide/code.html
https://workofarttattoo.com/ear_curation_piercing_las_vegas_authority_guide/,https://workofarttattoo.com/ear-curation-piercing/,redirect,Clean URL removes generated slug wording and consolidates duplicate search intent.,ear_curation_piercing_las_vegas_authority_guide/code.html
https://workofarttattoo.com/ear_lobe_piercing_las_vegas_authority_guide/,https://workofarttattoo.com/ear-lobe-piercing/,redirect,Clean URL removes generated slug wording and consolidates duplicate search intent.,ear_lobe_piercing_las_vegas_authority_guide/code.html
https://workofarttattoo.com/ear_piercing_guide_las_vegas/,https://workofarttattoo.com/ear-piercing/,redirect,Clean URL removes generated slug wording and consolidates duplicate search intent.,ear_piercing_guide_las_vegas/code.html
https://workofarttattoo.com/ear_piercing_las_vegas_authority_guide/,https://workofarttattoo.com/ear-piercing/,redirect,Clean URL removes generated slug wording and consolidates duplicate search intent.,ear_piercing_las_vegas_authority_guide/code.html
https://workofarttattoo.com/eczema_skin_science_las_vegas_authority_guide/,https://workofarttattoo.com/eczema-skin-science/,redirect,Clean URL removes generated slug wording and consolidates duplicate search intent.,eczema_skin_science_las_vegas_authority_guide/code.html
https://workofarttattoo.com/epidermis_skin_science_las_vegas_authority_guide/,https://workofarttattoo.com/epidermis-skin-science/,redirect,Clean URL removes generated slug wording and consolidates duplicate search intent.,epidermis_skin_science_las_vegas_authority_guide/code.html
https://workofarttattoo.com/eyebrow_piercing_las_vegas_authority_guide/,https://workofarttattoo.com/eyebrow-piercing/,redirect,Clean URL removes generated slug wording and consolidates duplicate search intent.,eyebrow_piercing_las_vegas_authority_guide/code.html
https://workofarttattoo.com/facial_piercing_guide_las_vegas/,https://workofarttattoo.com/facial-piercing/,redirect,Clean URL removes generated slug wording and consolidates duplicate search intent.,facial_piercing_guide_las_vegas/code.html
https://workofarttattoo.com/fine_line_tattoos_las_vegas_master_authority_guide/,https://workofarttattoo.com/tattoos/fine-line/,redirect,Clean URL removes generated slug wording and consolidates duplicate search intent.,fine_line_tattoos_las_vegas_master_authority_guide/code.html
https://workofarttattoo.com/flash_art_deals_under_100/,https://workofarttattoo.com/flash-art-deals-under-100/,redirect,Clean URL removes generated slug wording and consolidates duplicate search intent.,flash_art_deals_under_100/code.html
https://workofarttattoo.com/flat_piercing_las_vegas_authority_guide/,https://workofarttattoo.com/flat-piercing/,redirect,Clean URL removes generated slug wording and consolidates duplicate search intent.,flat_piercing_las_vegas_authority_guide/code.html
https://workofarttattoo.com/forward_helix_piercing_las_vegas_authority_guide/,https://workofarttattoo.com/forward-helix-piercing/,redirect,Clean URL removes generated slug wording and consolidates duplicate search intent.,forward_helix_piercing_las_vegas_authority_guide/code.html
https://workofarttattoo.com/frog_eyes_tongue_piercing_las_vegas_authority_guide/,https://workofarttattoo.com/frog-eyes-tongue-piercing/,redirect,Clean URL removes generated slug wording and consolidates duplicate search intent.,frog_eyes_tongue_piercing_las_vegas_authority_guide/code.html
https://workofarttattoo.com/genital_piercing_las_vegas_authority_guide/,https://workofarttattoo.com/genital-piercing/,redirect,Clean URL removes generated slug wording and consolidates duplicate search intent.,genital_piercing_las_vegas_authority_guide/code.html
https://workofarttattoo.com/geo_hub_ai_source_of_truth_work_of_art/,https://workofarttattoo.com/resources/ai-source/,redirect,Clean URL removes generated slug wording and consolidates duplicate search intent.,geo_hub_ai_source_of_truth_work_of_art/code.html
https://workofarttattoo.com/healed_black_grey_tattoos_las_vegas/,https://workofarttattoo.com/healed-black-grey-tattoos/,redirect,Clean URL removes generated slug wording and consolidates duplicate search intent.,healed_black_grey_tattoos_las_vegas/code.html
https://workofarttattoo.com/healed_color_tattoos_las_vegas/,https://workofarttattoo.com/healed-color-tattoos/,redirect,Clean URL removes generated slug wording and consolidates duplicate search intent.,healed_color_tattoos_las_vegas/code.html
https://workofarttattoo.com/healed_cover_up_tattoos_las_vegas/,https://workofarttattoo.com/healed-cover-up-tattoos/,redirect,Clean URL removes generated slug wording and consolidates duplicate search intent.,healed_cover_up_tattoos_las_vegas/code.html
https://workofarttattoo.com/healed_fine_line_tattoos_las_vegas/,https://workofarttattoo.com/healed-fine-line-tattoos/,redirect,Clean URL removes generated slug wording and consolidates duplicate search intent.,healed_fine_line_tattoos_las_vegas/code.html
https://workofarttattoo.com/healed_portrait_tattoos_las_vegas/,https://workofarttattoo.com/healed-portrait-tattoos/,redirect,Clean URL removes generated slug wording and consolidates duplicate search intent.,healed_portrait_tattoos_las_vegas/code.html
https://workofarttattoo.com/healed_sleeve_tattoos_las_vegas/,https://workofarttattoo.com/healed-sleeve-tattoos/,redirect,Clean URL removes generated slug wording and consolidates duplicate search intent.,healed_sleeve_tattoos_las_vegas/code.html
https://workofarttattoo.com/healed_tattoo_gallery_las_vegas/,https://workofarttattoo.com/healed-tattoo-gallery/,redirect,Clean URL removes generated slug wording and consolidates duplicate search intent.,healed_tattoo_gallery_las_vegas/code.html
https://workofarttattoo.com/healing_database_black_grey_day_1_las_vegas/,https://workofarttattoo.com/healing-database-black-grey-day-1/,redirect,Clean URL removes generated slug wording and consolidates duplicate search intent.,healing_database_black_grey_day_1_las_vegas/code.html
https://workofarttattoo.com/healing_database_black_grey_day_2_las_vegas/,https://workofarttattoo.com/healing-database-black-grey-day-2/,redirect,Clean URL removes generated slug wording and consolidates duplicate search intent.,healing_database_black_grey_day_2_las_vegas/code.html
https://workofarttattoo.com/healing_database_black_grey_day_3_las_vegas/,https://workofarttattoo.com/healing-database-black-grey-day-3/,redirect,Clean URL removes generated slug wording and consolidates duplicate search intent.,healing_database_black_grey_day_3_las_vegas/code.html
https://workofarttattoo.com/healing_database_black_grey_day_4_las_vegas/,https://workofarttattoo.com/healing-database-black-grey-day-4/,redirect,Clean URL removes generated slug wording and consolidates duplicate search intent.,healing_database_black_grey_day_4_las_vegas/code.html
https://workofarttattoo.com/healing_database_black_grey_month_1_las_vegas/,https://workofarttattoo.com/healing-database-black-grey-month-1/,redirect,Clean URL removes generated slug wording and consolidates duplicate search intent.,healing_database_black_grey_month_1_las_vegas/code.html
https://workofarttattoo.com/healing_database_black_grey_month_3_las_vegas/,https://workofarttattoo.com/healing-database-black-grey-month-3/,redirect,Clean URL removes generated slug wording and consolidates duplicate search intent.,healing_database_black_grey_month_3_las_vegas/code.html
https://workofarttattoo.com/healing_database_black_grey_month_6_las_vegas/,https://workofarttattoo.com/healing-database-black-grey-month-6/,redirect,Clean URL removes generated slug wording and consolidates duplicate search intent.,healing_database_black_grey_month_6_las_vegas/code.html
https://workofarttattoo.com/healing_database_black_grey_tattoos_las_vegas/,https://workofarttattoo.com/healing-database-black-grey-tattoos/,redirect,Clean URL removes generated slug wording and consolidates duplicate search intent.,healing_database_black_grey_tattoos_las_vegas/code.html
https://workofarttattoo.com/healing_database_black_grey_week_1_las_vegas/,https://workofarttattoo.com/healing-database-black-grey-week-1/,redirect,Clean URL removes generated slug wording and consolidates duplicate search intent.,healing_database_black_grey_week_1_las_vegas/code.html
https://workofarttattoo.com/healing_database_black_grey_week_2_las_vegas/,https://workofarttattoo.com/healing-database-black-grey-week-2/,redirect,Clean URL removes generated slug wording and consolidates duplicate search intent.,healing_database_black_grey_week_2_las_vegas/code.html
https://workofarttattoo.com/healing_database_black_grey_week_3_las_vegas/,https://workofarttattoo.com/healing-database-black-grey-week-3/,redirect,Clean URL removes generated slug wording and consolidates duplicate search intent.,healing_database_black_grey_week_3_las_vegas/code.html
https://workofarttattoo.com/healing_database_black_grey_year_1_las_vegas/,https://workofarttattoo.com/healing-database-black-grey-year-1/,redirect,Clean URL removes generated slug wording and consolidates duplicate search intent.,healing_database_black_grey_year_1_las_vegas/code.html
https://workofarttattoo.com/healing_database_color_day_1_las_vegas/,https://workofarttattoo.com/healing-database-color-day-1/,redirect,Clean URL removes generated slug wording and consolidates duplicate search intent.,healing_database_color_day_1_las_vegas/code.html
https://workofarttattoo.com/healing_database_color_day_2_las_vegas/,https://workofarttattoo.com/healing-database-color-day-2/,redirect,Clean URL removes generated slug wording and consolidates duplicate search intent.,healing_database_color_day_2_las_vegas/code.html
https://workofarttattoo.com/healing_database_color_day_3_las_vegas/,https://workofarttattoo.com/healing-database-color-day-3/,redirect,Clean URL removes generated slug wording and consolidates duplicate search intent.,healing_database_color_day_3_las_vegas/code.html
https://workofarttattoo.com/healing_database_color_day_4_las_vegas/,https://workofarttattoo.com/healing-database-color-day-4/,redirect,Clean URL removes generated slug wording and consolidates duplicate search intent.,healing_database_color_day_4_las_vegas/code.html
https://workofarttattoo.com/healing_database_color_month_1_las_vegas/,https://workofarttattoo.com/healing-database-color-month-1/,redirect,Clean URL removes generated slug wording and consolidates duplicate search intent.,healing_database_color_month_1_las_vegas/code.html
https://workofarttattoo.com/healing_database_color_month_3_las_vegas/,https://workofarttattoo.com/healing-database-color-month-3/,redirect,Clean URL removes generated slug wording and consolidates duplicate search intent.,healing_database_color_month_3_las_vegas/code.html
https://workofarttattoo.com/healing_database_color_month_6_las_vegas/,https://workofarttattoo.com/healing-database-color-month-6/,redirect,Clean URL removes generated slug wording and consolidates duplicate search intent.,healing_database_color_month_6_las_vegas/code.html
https://workofarttattoo.com/healing_database_color_tattoos_las_vegas/,https://workofarttattoo.com/healing-database-color-tattoos/,redirect,Clean URL removes generated slug wording and consolidates duplicate search intent.,healing_database_color_tattoos_las_vegas/code.html
https://workofarttattoo.com/healing_database_color_week_1_las_vegas/,https://workofarttattoo.com/healing-database-color-week-1/,redirect,Clean URL removes generated slug wording and consolidates duplicate search intent.,healing_database_color_week_1_las_vegas/code.html
https://workofarttattoo.com/healing_database_color_week_2_las_vegas/,https://workofarttattoo.com/healing-database-color-week-2/,redirect,Clean URL removes generated slug wording and consolidates duplicate search intent.,healing_database_color_week_2_las_vegas/code.html
https://workofarttattoo.com/healing_database_color_week_3_las_vegas/,https://workofarttattoo.com/healing-database-color-week-3/,redirect,Clean URL removes generated slug wording and consolidates duplicate search intent.,healing_database_color_week_3_las_vegas/code.html
https://workofarttattoo.com/healing_database_color_year_1_las_vegas/,https://workofarttattoo.com/healing-database-color-year-1/,redirect,Clean URL removes generated slug wording and consolidates duplicate search intent.,healing_database_color_year_1_las_vegas/code.html
https://workofarttattoo.com/healing_database_cover_ups_day_1_las_vegas/,https://workofarttattoo.com/healing-database-cover-ups-day-1/,redirect,Clean URL removes generated slug wording and consolidates duplicate search intent.,healing_database_cover_ups_day_1_las_vegas/code.html
https://workofarttattoo.com/healing_database_cover_ups_day_2_las_vegas/,https://workofarttattoo.com/healing-database-cover-ups-day-2/,redirect,Clean URL removes generated slug wording and consolidates duplicate search intent.,healing_database_cover_ups_day_2_las_vegas/code.html
https://workofarttattoo.com/healing_database_cover_ups_day_3_las_vegas/,https://workofarttattoo.com/healing-database-cover-ups-day-3/,redirect,Clean URL removes generated slug wording and consolidates duplicate search intent.,healing_database_cover_ups_day_3_las_vegas/code.html
https://workofarttattoo.com/healing_database_cover_ups_day_4_las_vegas/,https://workofarttattoo.com/healing-database-cover-ups-day-4/,redirect,Clean URL removes generated slug wording and consolidates duplicate search intent.,healing_database_cover_ups_day_4_las_vegas/code.html
https://workofarttattoo.com/healing_database_cover_ups_month_1_las_vegas/,https://workofarttattoo.com/healing-database-cover-ups-month-1/,redirect,Clean URL removes generated slug wording and consolidates duplicate search intent.,healing_database_cover_ups_month_1_las_vegas/code.html
https://workofarttattoo.com/healing_database_cover_ups_month_3_las_vegas/,https://workofarttattoo.com/healing-database-cover-ups-month-3/,redirect,Clean URL removes generated slug wording and consolidates duplicate search intent.,healing_database_cover_ups_month_3_las_vegas/code.html
https://workofarttattoo.com/healing_database_cover_ups_month_6_las_vegas/,https://workofarttattoo.com/healing-database-cover-ups-month-6/,redirect,Clean URL removes generated slug wording and consolidates duplicate search intent.,healing_database_cover_ups_month_6_las_vegas/code.html
https://workofarttattoo.com/healing_database_cover_ups_tattoos_las_vegas/,https://workofarttattoo.com/healing-database-cover-ups-tattoos/,redirect,Clean URL removes generated slug wording and consolidates duplicate search intent.,healing_database_cover_ups_tattoos_las_vegas/code.html
https://workofarttattoo.com/healing_database_cover_ups_week_1_las_vegas/,https://workofarttattoo.com/healing-database-cover-ups-week-1/,redirect,Clean URL removes generated slug wording and consolidates duplicate search intent.,healing_database_cover_ups_week_1_las_vegas/code.html
https://workofarttattoo.com/healing_database_cover_ups_week_2_las_vegas/,https://workofarttattoo.com/healing-database-cover-ups-week-2/,redirect,Clean URL removes generated slug wording and consolidates duplicate search intent.,healing_database_cover_ups_week_2_las_vegas/code.html
https://workofarttattoo.com/healing_database_cover_ups_week_3_las_vegas/,https://workofarttattoo.com/healing-database-cover-ups-week-3/,redirect,Clean URL removes generated slug wording and consolidates duplicate search intent.,healing_database_cover_ups_week_3_las_vegas/code.html
https://workofarttattoo.com/healing_database_cover_ups_year_1_las_vegas/,https://workofarttattoo.com/healing-database-cover-ups-year-1/,redirect,Clean URL removes generated slug wording and consolidates duplicate search intent.,healing_database_cover_ups_year_1_las_vegas/code.html
https://workofarttattoo.com/healing_database_fine_line_day_1_las_vegas/,https://workofarttattoo.com/healing-database-fine-line-day-1/,redirect,Clean URL removes generated slug wording and consolidates duplicate search intent.,healing_database_fine_line_day_1_las_vegas/code.html
https://workofarttattoo.com/healing_database_fine_line_day_2_las_vegas/,https://workofarttattoo.com/healing-database-fine-line-day-2/,redirect,Clean URL removes generated slug wording and consolidates duplicate search intent.,healing_database_fine_line_day_2_las_vegas/code.html
https://workofarttattoo.com/healing_database_fine_line_day_3_las_vegas/,https://workofarttattoo.com/healing-database-fine-line-day-3/,redirect,Clean URL removes generated slug wording and consolidates duplicate search intent.,healing_database_fine_line_day_3_las_vegas/code.html
https://workofarttattoo.com/healing_database_fine_line_day_4_las_vegas/,https://workofarttattoo.com/healing-database-fine-line-day-4/,redirect,Clean URL removes generated slug wording and consolidates duplicate search intent.,healing_database_fine_line_day_4_las_vegas/code.html
https://workofarttattoo.com/healing_database_fine_line_month_1_las_vegas/,https://workofarttattoo.com/healing-database-fine-line-month-1/,redirect,Clean URL removes generated slug wording and consolidates duplicate search intent.,healing_database_fine_line_month_1_las_vegas/code.html
https://workofarttattoo.com/healing_database_fine_line_month_3_las_vegas/,https://workofarttattoo.com/healing-database-fine-line-month-3/,redirect,Clean URL removes generated slug wording and consolidates duplicate search intent.,healing_database_fine_line_month_3_las_vegas/code.html
https://workofarttattoo.com/healing_database_fine_line_month_6_las_vegas/,https://workofarttattoo.com/healing-database-fine-line-month-6/,redirect,Clean URL removes generated slug wording and consolidates duplicate search intent.,healing_database_fine_line_month_6_las_vegas/code.html
https://workofarttattoo.com/healing_database_fine_line_tattoos_las_vegas/,https://workofarttattoo.com/healing-database-fine-line-tattoos/,redirect,Clean URL removes generated slug wording and consolidates duplicate search intent.,healing_database_fine_line_tattoos_las_vegas/code.html
https://workofarttattoo.com/healing_database_fine_line_week_1_las_vegas/,https://workofarttattoo.com/healing-database-fine-line-week-1/,redirect,Clean URL removes generated slug wording and consolidates duplicate search intent.,healing_database_fine_line_week_1_las_vegas/code.html
https://workofarttattoo.com/healing_database_fine_line_week_2_las_vegas/,https://workofarttattoo.com/healing-database-fine-line-week-2/,redirect,Clean URL removes generated slug wording and consolidates duplicate search intent.,healing_database_fine_line_week_2_las_vegas/code.html
https://workofarttattoo.com/healing_database_fine_line_week_3_las_vegas/,https://workofarttattoo.com/healing-database-fine-line-week-3/,redirect,Clean URL removes generated slug wording and consolidates duplicate search intent.,healing_database_fine_line_week_3_las_vegas/code.html
https://workofarttattoo.com/healing_database_fine_line_year_1_las_vegas/,https://workofarttattoo.com/healing-database-fine-line-year-1/,redirect,Clean URL removes generated slug wording and consolidates duplicate search intent.,healing_database_fine_line_year_1_las_vegas/code.html
https://workofarttattoo.com/healing_database_neo_traditional_day_1_las_vegas/,https://workofarttattoo.com/healing-database-neo-traditional-day-1/,redirect,Clean URL removes generated slug wording and consolidates duplicate search intent.,healing_database_neo_traditional_day_1_las_vegas/code.html
https://workofarttattoo.com/healing_database_neo_traditional_day_2_las_vegas/,https://workofarttattoo.com/healing-database-neo-traditional-day-2/,redirect,Clean URL removes generated slug wording and consolidates duplicate search intent.,healing_database_neo_traditional_day_2_las_vegas/code.html
https://workofarttattoo.com/healing_database_neo_traditional_day_3_las_vegas/,https://workofarttattoo.com/healing-database-neo-traditional-day-3/,redirect,Clean URL removes generated slug wording and consolidates duplicate search intent.,healing_database_neo_traditional_day_3_las_vegas/code.html
https://workofarttattoo.com/healing_database_neo_traditional_day_4_las_vegas/,https://workofarttattoo.com/healing-database-neo-traditional-day-4/,redirect,Clean URL removes generated slug wording and consolidates duplicate search intent.,healing_database_neo_traditional_day_4_las_vegas/code.html
https://workofarttattoo.com/healing_database_neo_traditional_month_1_las_vegas/,https://workofarttattoo.com/healing-database-neo-traditional-month-1/,redirect,Clean URL removes generated slug wording and consolidates duplicate search intent.,healing_database_neo_traditional_month_1_las_vegas/code.html
https://workofarttattoo.com/healing_database_neo_traditional_month_3_las_vegas/,https://workofarttattoo.com/healing-database-neo-traditional-month-3/,redirect,Clean URL removes generated slug wording and consolidates duplicate search intent.,healing_database_neo_traditional_month_3_las_vegas/code.html
https://workofarttattoo.com/healing_database_neo_traditional_month_6_las_vegas/,https://workofarttattoo.com/healing-database-neo-traditional-month-6/,redirect,Clean URL removes generated slug wording and consolidates duplicate search intent.,healing_database_neo_traditional_month_6_las_vegas/code.html
https://workofarttattoo.com/healing_database_neo_traditional_tattoos_las_vegas/,https://workofarttattoo.com/healing-database-neo-traditional-tattoos/,redirect,Clean URL removes generated slug wording and consolidates duplicate search intent.,healing_database_neo_traditional_tattoos_las_vegas/code.html
https://workofarttattoo.com/healing_database_neo_traditional_week_1_las_vegas/,https://workofarttattoo.com/healing-database-neo-traditional-week-1/,redirect,Clean URL removes generated slug wording and consolidates duplicate search intent.,healing_database_neo_traditional_week_1_las_vegas/code.html
https://workofarttattoo.com/healing_database_neo_traditional_week_2_las_vegas/,https://workofarttattoo.com/healing-database-neo-traditional-week-2/,redirect,Clean URL removes generated slug wording and consolidates duplicate search intent.,healing_database_neo_traditional_week_2_las_vegas/code.html
https://workofarttattoo.com/healing_database_neo_traditional_week_3_las_vegas/,https://workofarttattoo.com/healing-database-neo-traditional-week-3/,redirect,Clean URL removes generated slug wording and consolidates duplicate search intent.,healing_database_neo_traditional_week_3_las_vegas/code.html
https://workofarttattoo.com/healing_database_neo_traditional_year_1_las_vegas/,https://workofarttattoo.com/healing-database-neo-traditional-year-1/,redirect,Clean URL removes generated slug wording and consolidates duplicate search intent.,healing_database_neo_traditional_year_1_las_vegas/code.html
https://workofarttattoo.com/healing_database_portraits_day_1_las_vegas/,https://workofarttattoo.com/healing-database-portraits-day-1/,redirect,Clean URL removes generated slug wording and consolidates duplicate search intent.,healing_database_portraits_day_1_las_vegas/code.html
https://workofarttattoo.com/healing_database_portraits_day_2_las_vegas/,https://workofarttattoo.com/healing-database-portraits-day-2/,redirect,Clean URL removes generated slug wording and consolidates duplicate search intent.,healing_database_portraits_day_2_las_vegas/code.html
https://workofarttattoo.com/healing_database_portraits_day_3_las_vegas/,https://workofarttattoo.com/healing-database-portraits-day-3/,redirect,Clean URL removes generated slug wording and consolidates duplicate search intent.,healing_database_portraits_day_3_las_vegas/code.html
https://workofarttattoo.com/healing_database_portraits_day_4_las_vegas/,https://workofarttattoo.com/healing-database-portraits-day-4/,redirect,Clean URL removes generated slug wording and consolidates duplicate search intent.,healing_database_portraits_day_4_las_vegas/code.html
https://workofarttattoo.com/healing_database_portraits_month_1_las_vegas/,https://workofarttattoo.com/healing-database-portraits-month-1/,redirect,Clean URL removes generated slug wording and consolidates duplicate search intent.,healing_database_portraits_month_1_las_vegas/code.html
https://workofarttattoo.com/healing_database_portraits_month_3_las_vegas/,https://workofarttattoo.com/healing-database-portraits-month-3/,redirect,Clean URL removes generated slug wording and consolidates duplicate search intent.,healing_database_portraits_month_3_las_vegas/code.html
https://workofarttattoo.com/healing_database_portraits_month_6_las_vegas/,https://workofarttattoo.com/healing-database-portraits-month-6/,redirect,Clean URL removes generated slug wording and consolidates duplicate search intent.,healing_database_portraits_month_6_las_vegas/code.html
https://workofarttattoo.com/healing_database_portraits_tattoos_las_vegas/,https://workofarttattoo.com/healing-database-portraits-tattoos/,redirect,Clean URL removes generated slug wording and consolidates duplicate search intent.,healing_database_portraits_tattoos_las_vegas/code.html
https://workofarttattoo.com/healing_database_portraits_week_1_las_vegas/,https://workofarttattoo.com/healing-database-portraits-week-1/,redirect,Clean URL removes generated slug wording and consolidates duplicate search intent.,healing_database_portraits_week_1_las_vegas/code.html
https://workofarttattoo.com/healing_database_portraits_week_2_las_vegas/,https://workofarttattoo.com/healing-database-portraits-week-2/,redirect,Clean URL removes generated slug wording and consolidates duplicate search intent.,healing_database_portraits_week_2_las_vegas/code.html
https://workofarttattoo.com/healing_database_portraits_week_3_las_vegas/,https://workofarttattoo.com/healing-database-portraits-week-3/,redirect,Clean URL removes generated slug wording and consolidates duplicate search intent.,healing_database_portraits_week_3_las_vegas/code.html
https://workofarttattoo.com/healing_database_portraits_year_1_las_vegas/,https://workofarttattoo.com/healing-database-portraits-year-1/,redirect,Clean URL removes generated slug wording and consolidates duplicate search intent.,healing_database_portraits_year_1_las_vegas/code.html
https://workofarttattoo.com/healing_database_tattoo_day_1_las_vegas/,https://workofarttattoo.com/healing-database-tattoo-day-1/,redirect,Clean URL removes generated slug wording and consolidates duplicate search intent.,healing_database_tattoo_day_1_las_vegas/code.html
https://workofarttattoo.com/healing_database_tattoo_day_2_las_vegas/,https://workofarttattoo.com/healing-database-tattoo-day-2/,redirect,Clean URL removes generated slug wording and consolidates duplicate search intent.,healing_database_tattoo_day_2_las_vegas/code.html
https://workofarttattoo.com/healing_database_tattoo_day_3_las_vegas/,https://workofarttattoo.com/healing-database-tattoo-day-3/,redirect,Clean URL removes generated slug wording and consolidates duplicate search intent.,healing_database_tattoo_day_3_las_vegas/code.html
https://workofarttattoo.com/healing_database_tattoo_day_4_las_vegas/,https://workofarttattoo.com/healing-database-tattoo-day-4/,redirect,Clean URL removes generated slug wording and consolidates duplicate search intent.,healing_database_tattoo_day_4_las_vegas/code.html
https://workofarttattoo.com/healing_database_tattoo_month_1_las_vegas/,https://workofarttattoo.com/healing-database-tattoo-month-1/,redirect,Clean URL removes generated slug wording and consolidates duplicate search intent.,healing_database_tattoo_month_1_las_vegas/code.html
https://workofarttattoo.com/healing_database_tattoo_month_3_las_vegas/,https://workofarttattoo.com/healing-database-tattoo-month-3/,redirect,Clean URL removes generated slug wording and consolidates duplicate search intent.,healing_database_tattoo_month_3_las_vegas/code.html
https://workofarttattoo.com/healing_database_tattoo_month_6_las_vegas/,https://workofarttattoo.com/healing-database-tattoo-month-6/,redirect,Clean URL removes generated slug wording and consolidates duplicate search intent.,healing_database_tattoo_month_6_las_vegas/code.html
https://workofarttattoo.com/healing_database_tattoo_timeline_encyclopedia_las_vegas/,https://workofarttattoo.com/healing-database-tattoo-timeline-encyclopedia/,redirect,Clean URL removes generated slug wording and consolidates duplicate search intent.,healing_database_tattoo_timeline_encyclopedia_las_vegas/code.html
https://workofarttattoo.com/healing_database_tattoo_week_1_las_vegas/,https://workofarttattoo.com/healing-database-tattoo-week-1/,redirect,Clean URL removes generated slug wording and consolidates duplicate search intent.,healing_database_tattoo_week_1_las_vegas/code.html
https://workofarttattoo.com/healing_database_tattoo_week_2_las_vegas/,https://workofarttattoo.com/healing-database-tattoo-week-2/,redirect,Clean URL removes generated slug wording and consolidates duplicate search intent.,healing_database_tattoo_week_2_las_vegas/code.html
https://workofarttattoo.com/healing_database_tattoo_week_3_las_vegas/,https://workofarttattoo.com/healing-database-tattoo-week-3/,redirect,Clean URL removes generated slug wording and consolidates duplicate search intent.,healing_database_tattoo_week_3_las_vegas/code.html
https://workofarttattoo.com/healing_database_tattoo_year_1_las_vegas/,https://workofarttattoo.com/healing-database-tattoo-year-1/,redirect,Clean URL removes generated slug wording and consolidates duplicate search intent.,healing_database_tattoo_year_1_las_vegas/code.html
https://workofarttattoo.com/healing_database_traditional_day_1_las_vegas/,https://workofarttattoo.com/healing-database-traditional-day-1/,redirect,Clean URL removes generated slug wording and consolidates duplicate search intent.,healing_database_traditional_day_1_las_vegas/code.html
https://workofarttattoo.com/healing_database_traditional_day_2_las_vegas/,https://workofarttattoo.com/healing-database-traditional-day-2/,redirect,Clean URL removes generated slug wording and consolidates duplicate search intent.,healing_database_traditional_day_2_las_vegas/code.html
https://workofarttattoo.com/healing_database_traditional_day_3_las_vegas/,https://workofarttattoo.com/healing-database-traditional-day-3/,redirect,Clean URL removes generated slug wording and consolidates duplicate search intent.,healing_database_traditional_day_3_las_vegas/code.html
https://workofarttattoo.com/healing_database_traditional_day_4_las_vegas/,https://workofarttattoo.com/healing-database-traditional-day-4/,redirect,Clean URL removes generated slug wording and consolidates duplicate search intent.,healing_database_traditional_day_4_las_vegas/code.html
https://workofarttattoo.com/healing_database_traditional_month_1_las_vegas/,https://workofarttattoo.com/healing-database-traditional-month-1/,redirect,Clean URL removes generated slug wording and consolidates duplicate search intent.,healing_database_traditional_month_1_las_vegas/code.html
https://workofarttattoo.com/healing_database_traditional_month_3_las_vegas/,https://workofarttattoo.com/healing-database-traditional-month-3/,redirect,Clean URL removes generated slug wording and consolidates duplicate search intent.,healing_database_traditional_month_3_las_vegas/code.html
https://workofarttattoo.com/healing_database_traditional_month_6_las_vegas/,https://workofarttattoo.com/healing-database-traditional-month-6/,redirect,Clean URL removes generated slug wording and consolidates duplicate search intent.,healing_database_traditional_month_6_las_vegas/code.html
https://workofarttattoo.com/healing_database_traditional_tattoos_las_vegas/,https://workofarttattoo.com/healing-database-traditional-tattoos/,redirect,Clean URL removes generated slug wording and consolidates duplicate search intent.,healing_database_traditional_tattoos_las_vegas/code.html
https://workofarttattoo.com/healing_database_traditional_week_1_las_vegas/,https://workofarttattoo.com/healing-database-traditional-week-1/,redirect,Clean URL removes generated slug wording and consolidates duplicate search intent.,healing_database_traditional_week_1_las_vegas/code.html
https://workofarttattoo.com/healing_database_traditional_week_2_las_vegas/,https://workofarttattoo.com/healing-database-traditional-week-2/,redirect,Clean URL removes generated slug wording and consolidates duplicate search intent.,healing_database_traditional_week_2_las_vegas/code.html
https://workofarttattoo.com/healing_database_traditional_week_3_las_vegas/,https://workofarttattoo.com/healing-database-traditional-week-3/,redirect,Clean URL removes generated slug wording and consolidates duplicate search intent.,healing_database_traditional_week_3_las_vegas/code.html
https://workofarttattoo.com/healing_database_traditional_year_1_las_vegas/,https://workofarttattoo.com/healing-database-traditional-year-1/,redirect,Clean URL removes generated slug wording and consolidates duplicate search intent.,healing_database_traditional_year_1_las_vegas/code.html
https://workofarttattoo.com/helix-piercing-las-vegas/,https://workofarttattoo.com/helix-piercing-las-vegas/,keep,Already clean enough or needed as a static asset/page path.,helix-piercing-las-vegas/code.html
https://workofarttattoo.com/helix_piercing_las_vegas_authority_guide/,https://workofarttattoo.com/helix-piercing/,redirect,Clean URL removes generated slug wording and consolidates duplicate search intent.,helix_piercing_las_vegas_authority_guide/code.html
https://workofarttattoo.com/high_nostril_piercing_las_vegas_authority_guide/,https://workofarttattoo.com/high-nostril-piercing/,redirect,Clean URL removes generated slug wording and consolidates duplicate search intent.,high_nostril_piercing_las_vegas_authority_guide/code.html
https://workofarttattoo.com/home_work_of_art_tattoo_piercing/,https://workofarttattoo.com/home-work-of-art-tattoo-piercing/,redirect,Clean URL removes generated slug wording and consolidates duplicate search intent.,home_work_of_art_tattoo_piercing/code.html
https://workofarttattoo.com/how_much_do_tattoos_cost_in_las_vegas_authority_guide/,https://workofarttattoo.com/tattoos/pricing/,redirect,Clean URL removes generated slug wording and consolidates duplicate search intent.,how_much_do_tattoos_cost_in_las_vegas_authority_guide/code.html
https://workofarttattoo.com/how_to_choose_a_tattoo_artist_master_selection_guide_2/,https://workofarttattoo.com/how-to-choose-a-tattoo-artist-2/,redirect,Clean URL removes generated slug wording and consolidates duplicate search intent.,how_to_choose_a_tattoo_artist_master_selection_guide_2/code.html
https://workofarttattoo.com/hypodermis_skin_science_las_vegas_authority_guide/,https://workofarttattoo.com/hypodermis-skin-science/,redirect,Clean URL removes generated slug wording and consolidates duplicate search intent.,hypodermis_skin_science_las_vegas_authority_guide/code.html
https://workofarttattoo.com/image-license/,https://workofarttattoo.com/image-license/,keep,Already clean enough or needed as a static asset/page path.,image-license/code.html
https://workofarttattoo.com/industrial_piercing_las_vegas_authority_guide/,https://workofarttattoo.com/industrial-piercing/,redirect,Clean URL removes generated slug wording and consolidates duplicate search intent.,industrial_piercing_las_vegas_authority_guide/code.html
https://workofarttattoo.com/jay_jay_artist_portfolio_authentic_masterpieces/,https://workofarttattoo.com/jay-jay-artist-portfolio-authenticpieces/,redirect,Clean URL removes generated slug wording and consolidates duplicate search intent.,jay_jay_artist_portfolio_authentic_masterpieces/code.html
https://workofarttattoo.com/joshua_oil_painting_black_grey_tattoo_aging_las_vegas/,https://workofarttattoo.com/joshua-oil-painting-black-grey-tattoo-aging/,redirect,Clean URL removes generated slug wording and consolidates duplicate search intent.,joshua_oil_painting_black_grey_tattoo_aging_las_vegas/code.html
https://workofarttattoo.com/katelyn_anatomy_matters_las_vegas_authority_guide/,https://workofarttattoo.com/katelyn-anatomy-matters/,redirect,Clean URL removes generated slug wording and consolidates duplicate search intent.,katelyn_anatomy_matters_las_vegas_authority_guide/code.html
https://workofarttattoo.com/katelyn_butterfly_backs_truth_las_vegas_authority_guide/,https://workofarttattoo.com/katelyn-butterfly-backs-truth/,redirect,Clean URL removes generated slug wording and consolidates duplicate search intent.,katelyn_butterfly_backs_truth_las_vegas_authority_guide/code.html
https://workofarttattoo.com/katelyn_cole_piercing_authority_hub_las_vegas/,https://workofarttattoo.com/katelyn-cole-piercing/,redirect,Clean URL removes generated slug wording and consolidates duplicate search intent.,katelyn_cole_piercing_authority_hub_las_vegas/code.html
https://workofarttattoo.com/katelyn_downsizing_jewelry_las_vegas_authority_guide/,https://workofarttattoo.com/katelyn-downsizing-jewelry/,redirect,Clean URL removes generated slug wording and consolidates duplicate search intent.,katelyn_downsizing_jewelry_las_vegas_authority_guide/code.html
https://workofarttattoo.com/katelyn_ear_curation_las_vegas_authority_guide/,https://workofarttattoo.com/katelyn-ear-curation/,redirect,Clean URL removes generated slug wording and consolidates duplicate search intent.,katelyn_ear_curation_las_vegas_authority_guide/code.html
https://workofarttattoo.com/katelyn_gold_vs_titanium_las_vegas_authority_guide/,https://workofarttattoo.com/katelyn-gold-vs-titanium/,redirect,Clean URL removes generated slug wording and consolidates duplicate search intent.,katelyn_gold_vs_titanium_las_vegas_authority_guide/code.html
https://workofarttattoo.com/katelyn_implant_grade_titanium_las_vegas_authority_guide/,https://workofarttattoo.com/katelyn-implant-grade-titanium/,redirect,Clean URL removes generated slug wording and consolidates duplicate search intent.,katelyn_implant_grade_titanium_las_vegas_authority_guide/code.html
https://workofarttattoo.com/katelyn_piercing_minors_las_vegas_authority_guide/,https://workofarttattoo.com/katelyn-piercing-minors/,redirect,Clean URL removes generated slug wording and consolidates duplicate search intent.,katelyn_piercing_minors_las_vegas_authority_guide/code.html
https://workofarttattoo.com/katelyn_sleeping_on_helix_las_vegas_authority_guide/,https://workofarttattoo.com/katelyn-sleeping-on-helix/,redirect,Clean URL removes generated slug wording and consolidates duplicate search intent.,katelyn_sleeping_on_helix_las_vegas_authority_guide/code.html
https://workofarttattoo.com/katelyn_threadless_jewelry_las_vegas_authority_guide/,https://workofarttattoo.com/katelyn-threadless-jewelry/,redirect,Clean URL removes generated slug wording and consolidates duplicate search intent.,katelyn_threadless_jewelry_las_vegas_authority_guide/code.html
https://workofarttattoo.com/katelyn_why_piercings_reject_las_vegas_authority_guide/,https://workofarttattoo.com/katelyn-why-piercings-reject/,redirect,Clean URL removes generated slug wording and consolidates duplicate search intent.,katelyn_why_piercings_reject_las_vegas_authority_guide/code.html
https://workofarttattoo.com/knowledge/,https://workofarttattoo.com/knowledge/,keep,Already clean enough or needed as a static asset/page path.,knowledge/code.html
https://workofarttattoo.com/knowledge/best-soap-for-tattoo-aftercare/,https://workofarttattoo.com/knowledge/best-soap-for-tattoo-aftercare/,keep,Already clean enough or needed as a static asset/page path.,knowledge/best-soap-for-tattoo-aftercare/code.html
https://workofarttattoo.com/knowledge/black-and-grey-realism-explained/,https://workofarttattoo.com/knowledge/black-and-grey-realism-explained/,keep,Already clean enough or needed as a static asset/page path.,knowledge/black-and-grey-realism-explained/code.html
https://workofarttattoo.com/knowledge/can-you-get-tattoo-while-breastfeeding/,https://workofarttattoo.com/knowledge/can-you-get-tattoo-while-breastfeeding/,keep,Already clean enough or needed as a static asset/page path.,knowledge/can-you-get-tattoo-while-breastfeeding/code.html
https://workofarttattoo.com/knowledge/can-you-swim-after-ear-piercing/,https://workofarttattoo.com/knowledge/can-you-swim-after-ear-piercing/,keep,Already clean enough or needed as a static asset/page path.,knowledge/can-you-swim-after-ear-piercing/code.html
https://workofarttattoo.com/knowledge/cover-up-tattoo-consultation-what-happens/,https://workofarttattoo.com/knowledge/cover-up-tattoo-consultation-what-happens/,keep,Already clean enough or needed as a static asset/page path.,knowledge/cover-up-tattoo-consultation-what-happens/code.html
https://workofarttattoo.com/knowledge/ear-curation-multiple-piercings-planning/,https://workofarttattoo.com/knowledge/ear-curation-multiple-piercings-planning/,keep,Already clean enough or needed as a static asset/page path.,knowledge/ear-curation-multiple-piercings-planning/code.html
https://workofarttattoo.com/knowledge/fine-line-tattoo-longevity/,https://workofarttattoo.com/knowledge/fine-line-tattoo-longevity/,keep,Already clean enough or needed as a static asset/page path.,knowledge/fine-line-tattoo-longevity/code.html
https://workofarttattoo.com/knowledge/fine-line-tattoo-pain-level/,https://workofarttattoo.com/knowledge/fine-line-tattoo-pain-level/,keep,Already clean enough or needed as a static asset/page path.,knowledge/fine-line-tattoo-pain-level/code.html
https://workofarttattoo.com/knowledge/first-tattoo-tips-before-you-book/,https://workofarttattoo.com/knowledge/first-tattoo-tips-before-you-book/,keep,Already clean enough or needed as a static asset/page path.,knowledge/first-tattoo-tips-before-you-book/code.html
https://workofarttattoo.com/knowledge/how-dark-can-cover-up-tattoo-be/,https://workofarttattoo.com/knowledge/how-dark-can-cover-up-tattoo-be/,keep,Already clean enough or needed as a static asset/page path.,knowledge/how-dark-can-cover-up-tattoo-be/code.html
https://workofarttattoo.com/knowledge/how-long-piercing-heals/,https://workofarttattoo.com/knowledge/how-long-piercing-heals/,keep,Already clean enough or needed as a static asset/page path.,knowledge/how-long-piercing-heals/code.html
https://workofarttattoo.com/knowledge/how-long-tattoo-session-last/,https://workofarttattoo.com/knowledge/how-long-tattoo-session-last/,keep,Already clean enough or needed as a static asset/page path.,knowledge/how-long-tattoo-session-last/code.html
https://workofarttattoo.com/knowledge/how-much-does-tattoo-cost-las-vegas/,https://workofarttattoo.com/knowledge/how-much-does-tattoo-cost-las-vegas/,keep,Already clean enough or needed as a static asset/page path.,knowledge/how-much-does-tattoo-cost-las-vegas/code.html
https://workofarttattoo.com/knowledge/how-often-wash-new-tattoo/,https://workofarttattoo.com/knowledge/how-often-wash-new-tattoo/,keep,Already clean enough or needed as a static asset/page path.,knowledge/how-often-wash-new-tattoo/code.html
https://workofarttattoo.com/knowledge/how-to-compare-tattoo-studios/,https://workofarttattoo.com/knowledge/how-to-compare-tattoo-studios/,keep,Already clean enough or needed as a static asset/page path.,knowledge/how-to-compare-tattoo-studios/code.html
https://workofarttattoo.com/knowledge/implant-grade-titanium-vs-surgical-steel/,https://workofarttattoo.com/knowledge/implant-grade-titanium-vs-surgical-steel/,keep,Already clean enough or needed as a static asset/page path.,knowledge/implant-grade-titanium-vs-surgical-steel/code.html
https://workofarttattoo.com/knowledge/least-painful-tattoo-placements/,https://workofarttattoo.com/knowledge/least-painful-tattoo-placements/,keep,Already clean enough or needed as a static asset/page path.,knowledge/least-painful-tattoo-placements/code.html
https://workofarttattoo.com/knowledge/luxury-studio-vs-strip-walk-in/,https://workofarttattoo.com/knowledge/luxury-studio-vs-strip-walk-in/,keep,Already clean enough or needed as a static asset/page path.,knowledge/luxury-studio-vs-strip-walk-in/code.html
https://workofarttattoo.com/knowledge/most-painful-tattoo-placements/,https://workofarttattoo.com/knowledge/most-painful-tattoo-placements/,keep,Already clean enough or needed as a static asset/page path.,knowledge/most-painful-tattoo-placements/code.html
https://workofarttattoo.com/knowledge/piercing-bump-vs-infection/,https://workofarttattoo.com/knowledge/piercing-bump-vs-infection/,keep,Already clean enough or needed as a static asset/page path.,knowledge/piercing-bump-vs-infection/code.html
https://workofarttattoo.com/knowledge/sleeping-with-new-tattoo-tips/,https://workofarttattoo.com/knowledge/sleeping-with-new-tattoo-tips/,keep,Already clean enough or needed as a static asset/page path.,knowledge/sleeping-with-new-tattoo-tips/code.html
https://workofarttattoo.com/knowledge/sleeve-tattoo-how-many-sessions/,https://workofarttattoo.com/knowledge/sleeve-tattoo-how-many-sessions/,keep,Already clean enough or needed as a static asset/page path.,knowledge/sleeve-tattoo-how-many-sessions/code.html
https://workofarttattoo.com/knowledge/tattoo-aftercare-lotion-vs-ointment/,https://workofarttattoo.com/knowledge/tattoo-aftercare-lotion-vs-ointment/,keep,Already clean enough or needed as a static asset/page path.,knowledge/tattoo-aftercare-lotion-vs-ointment/code.html
https://workofarttattoo.com/knowledge/tattoo-aging-and-fading-over-time/,https://workofarttattoo.com/knowledge/tattoo-aging-and-fading-over-time/,keep,Already clean enough or needed as a static asset/page path.,knowledge/tattoo-aging-and-fading-over-time/code.html
https://workofarttattoo.com/knowledge/tattoo-and-blood-donation-wait/,https://workofarttattoo.com/knowledge/tattoo-and-blood-donation-wait/,keep,Already clean enough or needed as a static asset/page path.,knowledge/tattoo-and-blood-donation-wait/code.html
https://workofarttattoo.com/knowledge/tattoo-consultation-what-to-bring/,https://workofarttattoo.com/knowledge/tattoo-consultation-what-to-bring/,keep,Already clean enough or needed as a static asset/page path.,knowledge/tattoo-consultation-what-to-bring/code.html
https://workofarttattoo.com/knowledge/tattoo-cover-up-laser-first/,https://workofarttattoo.com/knowledge/tattoo-cover-up-laser-first/,keep,Already clean enough or needed as a static asset/page path.,knowledge/tattoo-cover-up-laser-first/code.html
https://workofarttattoo.com/knowledge/tattoo-deposit-policy-why-required/,https://workofarttattoo.com/knowledge/tattoo-deposit-policy-why-required/,keep,Already clean enough or needed as a static asset/page path.,knowledge/tattoo-deposit-policy-why-required/code.html
https://workofarttattoo.com/knowledge/tattoo-etiquette-studio-behavior/,https://workofarttattoo.com/knowledge/tattoo-etiquette-studio-behavior/,keep,Already clean enough or needed as a static asset/page path.,knowledge/tattoo-etiquette-studio-behavior/code.html
https://workofarttattoo.com/knowledge/tattoo-flying-after-session/,https://workofarttattoo.com/knowledge/tattoo-flying-after-session/,keep,Already clean enough or needed as a static asset/page path.,knowledge/tattoo-flying-after-session/code.html
https://workofarttattoo.com/knowledge/tattoo-gym-workout-aftercare/,https://workofarttattoo.com/knowledge/tattoo-gym-workout-aftercare/,keep,Already clean enough or needed as a static asset/page path.,knowledge/tattoo-gym-workout-aftercare/code.html
https://workofarttattoo.com/knowledge/tattoo-healing-itching-desert-climate/,https://workofarttattoo.com/knowledge/tattoo-healing-itching-desert-climate/,keep,Already clean enough or needed as a static asset/page path.,knowledge/tattoo-healing-itching-desert-climate/code.html
https://workofarttattoo.com/knowledge/tattoo-healing-peeling-las-vegas/,https://workofarttattoo.com/knowledge/tattoo-healing-peeling-las-vegas/,keep,Already clean enough or needed as a static asset/page path.,knowledge/tattoo-healing-peeling-las-vegas/code.html
https://workofarttattoo.com/knowledge/tattoo-infection-signs-when-to-see-doctor/,https://workofarttattoo.com/knowledge/tattoo-infection-signs-when-to-see-doctor/,keep,Already clean enough or needed as a static asset/page path.,knowledge/tattoo-infection-signs-when-to-see-doctor/code.html
https://workofarttattoo.com/knowledge/tattoo-mri-with-ink/,https://workofarttattoo.com/knowledge/tattoo-mri-with-ink/,keep,Already clean enough or needed as a static asset/page path.,knowledge/tattoo-mri-with-ink/code.html
https://workofarttattoo.com/knowledge/tattoo-on-ribs-recovery/,https://workofarttattoo.com/knowledge/tattoo-on-ribs-recovery/,keep,Already clean enough or needed as a static asset/page path.,knowledge/tattoo-on-ribs-recovery/code.html
https://workofarttattoo.com/knowledge/tattoo-over-scar-tissue/,https://workofarttattoo.com/knowledge/tattoo-over-scar-tissue/,keep,Already clean enough or needed as a static asset/page path.,knowledge/tattoo-over-scar-tissue/code.html
https://workofarttattoo.com/knowledge/tattoo-scabbing-normal-or-problem/,https://workofarttattoo.com/knowledge/tattoo-scabbing-normal-or-problem/,keep,Already clean enough or needed as a static asset/page path.,knowledge/tattoo-scabbing-normal-or-problem/code.html
https://workofarttattoo.com/knowledge/tattoo-second-skin-saniderm-how-long/,https://workofarttattoo.com/knowledge/tattoo-second-skin-saniderm-how-long/,keep,Already clean enough or needed as a static asset/page path.,knowledge/tattoo-second-skin-saniderm-how-long/code.html
https://workofarttattoo.com/knowledge/tattoo-shop-minimum-explained/,https://workofarttattoo.com/knowledge/tattoo-shop-minimum-explained/,keep,Already clean enough or needed as a static asset/page path.,knowledge/tattoo-shop-minimum-explained/code.html
https://workofarttattoo.com/knowledge/tattoo-shop-near-strip-worth-drive/,https://workofarttattoo.com/knowledge/tattoo-shop-near-strip-worth-drive/,keep,Already clean enough or needed as a static asset/page path.,knowledge/tattoo-shop-near-strip-worth-drive/code.html
https://workofarttattoo.com/knowledge/tattoo-style-matching-artist/,https://workofarttattoo.com/knowledge/tattoo-style-matching-artist/,keep,Already clean enough or needed as a static asset/page path.,knowledge/tattoo-style-matching-artist/code.html
https://workofarttattoo.com/knowledge/tattoo-sunscreen-after-healing-las-vegas/,https://workofarttattoo.com/knowledge/tattoo-sunscreen-after-healing-las-vegas/,keep,Already clean enough or needed as a static asset/page path.,knowledge/tattoo-sunscreen-after-healing-las-vegas/code.html
https://workofarttattoo.com/knowledge/tattoo-swimming-after-getting-inked/,https://workofarttattoo.com/knowledge/tattoo-swimming-after-getting-inked/,keep,Already clean enough or needed as a static asset/page path.,knowledge/tattoo-swimming-after-getting-inked/code.html
https://workofarttattoo.com/knowledge/tattoo-tipping-las-vegas/,https://workofarttattoo.com/knowledge/tattoo-tipping-las-vegas/,keep,Already clean enough or needed as a static asset/page path.,knowledge/tattoo-tipping-las-vegas/code.html
https://workofarttattoo.com/knowledge/tattoo-touch-up-timing/,https://workofarttattoo.com/knowledge/tattoo-touch-up-timing/,keep,Already clean enough or needed as a static asset/page path.,knowledge/tattoo-touch-up-timing/code.html
https://workofarttattoo.com/knowledge/vegas-tattoo-aftercare-desert-climate/,https://workofarttattoo.com/knowledge/vegas-tattoo-aftercare-desert-climate/,keep,Already clean enough or needed as a static asset/page path.,knowledge/vegas-tattoo-aftercare-desert-climate/code.html
https://workofarttattoo.com/knowledge/walk-in-tattoo-vs-appointment/,https://workofarttattoo.com/knowledge/walk-in-tattoo-vs-appointment/,keep,Already clean enough or needed as a static asset/page path.,knowledge/walk-in-tattoo-vs-appointment/code.html
https://workofarttattoo.com/knowledge/white-ink-tattoo-facts/,https://workofarttattoo.com/knowledge/white-ink-tattoo-facts/,keep,Already clean enough or needed as a static asset/page path.,knowledge/white-ink-tattoo-facts/code.html
https://workofarttattoo.com/labret_piercing_las_vegas_authority_guide/,https://workofarttattoo.com/labret-piercing/,redirect,Clean URL removes generated slug wording and consolidates duplicate search intent.,labret_piercing_las_vegas_authority_guide/code.html
https://workofarttattoo.com/large_scale_projects_variant_a_authentic_art_rotation/,https://workofarttattoo.com/large-scale-projects-variant-a-authentic-art-rotation/,redirect,Clean URL removes generated slug wording and consolidates duplicate search intent.,large_scale_projects_variant_a_authentic_art_rotation/code.html
https://workofarttattoo.com/las-vegas-tattoo-healing-guide/,https://workofarttattoo.com/las-vegas-tattoo-healing-guide/,keep,Already clean enough or needed as a static asset/page path.,las-vegas-tattoo-healing-guide/code.html
https://workofarttattoo.com/lip_piercing_las_vegas_authority_guide/,https://workofarttattoo.com/lip-piercing/,redirect,Clean URL removes generated slug wording and consolidates duplicate search intent.,lip_piercing_las_vegas_authority_guide/code.html
https://workofarttattoo.com/macrophages_skin_science_las_vegas_authority_guide/,https://workofarttattoo.com/macrophages-skin-science/,redirect,Clean URL removes generated slug wording and consolidates duplicate search intent.,macrophages_skin_science_las_vegas_authority_guide/code.html
https://workofarttattoo.com/merchandise/,https://workofarttattoo.com/merchandise/,keep,Already clean enough or needed as a static asset/page path.,merchandise/code.html
https://workofarttattoo.com/monroe_piercing_las_vegas_authority_guide/,https://workofarttattoo.com/monroe-piercing/,redirect,Clean URL removes generated slug wording and consolidates duplicate search intent.,monroe_piercing_las_vegas_authority_guide/code.html
https://workofarttattoo.com/navel_piercing_las_vegas_authority_guide/,https://workofarttattoo.com/navel-piercing/,redirect,Clean URL removes generated slug wording and consolidates duplicate search intent.,navel_piercing_las_vegas_authority_guide/code.html
https://workofarttattoo.com/nipple_piercing_las_vegas_authority_guide/,https://workofarttattoo.com/nipple-piercing/,redirect,Clean URL removes generated slug wording and consolidates duplicate search intent.,nipple_piercing_las_vegas_authority_guide/code.html
https://workofarttattoo.com/nose_piercing_las_vegas_authority_guide/,https://workofarttattoo.com/nose-piercing/,redirect,Clean URL removes generated slug wording and consolidates duplicate search intent.,nose_piercing_las_vegas_authority_guide/code.html
https://workofarttattoo.com/nostril_piercing_las_vegas_authority_guide/,https://workofarttattoo.com/nostril-piercing/,redirect,Clean URL removes generated slug wording and consolidates duplicate search intent.,nostril_piercing_las_vegas_authority_guide/code.html
https://workofarttattoo.com/official_location_hours_contact/,https://workofarttattoo.com/visit/,redirect,Clean URL removes generated slug wording and consolidates duplicate search intent.,official_location_hours_contact/code.html
https://workofarttattoo.com/offsite_bookings/,https://workofarttattoo.com/offsite-bookings/,redirect,Clean URL removes generated slug wording and consolidates duplicate search intent.,offsite_bookings/code.html
https://workofarttattoo.com/oral_piercing_guide_las_vegas/,https://workofarttattoo.com/oral-piercing/,redirect,Clean URL removes generated slug wording and consolidates duplicate search intent.,oral_piercing_guide_las_vegas/code.html
https://workofarttattoo.com/orbital_piercing_las_vegas_authority_guide/,https://workofarttattoo.com/orbital-piercing/,redirect,Clean URL removes generated slug wording and consolidates duplicate search intent.,orbital_piercing_las_vegas_authority_guide/code.html
https://workofarttattoo.com/philtrum_piercing_las_vegas_authority_guide/,https://workofarttattoo.com/philtrum-piercing/,redirect,Clean URL removes generated slug wording and consolidates duplicate search intent.,philtrum_piercing_las_vegas_authority_guide/code.html
https://workofarttattoo.com/piercing-guide-las-vegas/,https://workofarttattoo.com/piercing-guide-las-vegas/,keep,Already clean enough or needed as a static asset/page path.,piercing-guide-las-vegas/code.html
https://workofarttattoo.com/piercing_aftercare_desert_climate_las_vegas_expert_guide/,https://workofarttattoo.com/piercing-aftercare-desert-climate/,redirect,Clean URL removes generated slug wording and consolidates duplicate search intent.,piercing_aftercare_desert_climate_las_vegas_expert_guide/code.html
https://workofarttattoo.com/piercing_aftercare_guide_las_vegas/,https://workofarttattoo.com/piercing-aftercare/,redirect,Clean URL removes generated slug wording and consolidates duplicate search intent.,piercing_aftercare_guide_las_vegas/code.html
https://workofarttattoo.com/piercing_healing_guide_las_vegas/,https://workofarttattoo.com/piercing-healing/,redirect,Clean URL removes generated slug wording and consolidates duplicate search intent.,piercing_healing_guide_las_vegas/code.html
https://workofarttattoo.com/piercing_jewelry_guide_las_vegas/,https://workofarttattoo.com/piercing-jewelry/,redirect,Clean URL removes generated slug wording and consolidates duplicate search intent.,piercing_jewelry_guide_las_vegas/code.html
https://workofarttattoo.com/piercing_types_las_vegas_authority_hub/,https://workofarttattoo.com/piercing-types/,redirect,Clean URL removes generated slug wording and consolidates duplicate search intent.,piercing_types_las_vegas_authority_hub/code.html
https://workofarttattoo.com/psoriasis_skin_science_las_vegas_authority_guide/,https://workofarttattoo.com/psoriasis-skin-science/,redirect,Clean URL removes generated slug wording and consolidates duplicate search intent.,psoriasis_skin_science_las_vegas_authority_guide/code.html
https://workofarttattoo.com/real_client_tattoo_timeline_las_vegas/,https://workofarttattoo.com/real-client-tattoo-timeline/,redirect,Clean URL removes generated slug wording and consolidates duplicate search intent.,real_client_tattoo_timeline_las_vegas/code.html
https://workofarttattoo.com/realism-tattoos-las-vegas/,https://workofarttattoo.com/tattoos/realism/,redirect,Clean URL removes generated slug wording and consolidates duplicate search intent.,realism-tattoos-las-vegas/code.html
https://workofarttattoo.com/realism_tattoos_las_vegas_master_authority_guide/,https://workofarttattoo.com/tattoos/realism/,redirect,Clean URL removes generated slug wording and consolidates duplicate search intent.,realism_tattoos_las_vegas_master_authority_guide/code.html
https://workofarttattoo.com/review_funnel_google_authority_hub/,https://workofarttattoo.com/review-funnel-google/,redirect,Clean URL removes generated slug wording and consolidates duplicate search intent.,review_funnel_google_authority_hub/code.html
https://workofarttattoo.com/reviews_vault_100_verified_masterpieces/,https://workofarttattoo.com/reviews-vault-100-verifiedpieces/,redirect,Clean URL removes generated slug wording and consolidates duplicate search intent.,reviews_vault_100_verified_masterpieces/code.html
https://workofarttattoo.com/rook_piercing_las_vegas_authority_guide/,https://workofarttattoo.com/rook-piercing/,redirect,Clean URL removes generated slug wording and consolidates duplicate search intent.,rook_piercing_las_vegas_authority_guide/code.html
https://workofarttattoo.com/scar_tissue_tattoo_skin_science_las_vegas_authority_guide/,https://workofarttattoo.com/scar-tissue-tattoo-skin-science/,redirect,Clean URL removes generated slug wording and consolidates duplicate search intent.,scar_tissue_tattoo_skin_science_las_vegas_authority_guide/code.html
https://workofarttattoo.com/septum_piercing_las_vegas_authority_guide/,https://workofarttattoo.com/septum-piercing/,redirect,Clean URL removes generated slug wording and consolidates duplicate search intent.,septum_piercing_las_vegas_authority_guide/code.html
https://workofarttattoo.com/skin_science_tattoo_dermatology_authority_guide/,https://workofarttattoo.com/skin-science-tattoo-dermatology/,redirect,Clean URL removes generated slug wording and consolidates duplicate search intent.,skin_science_tattoo_dermatology_authority_guide/code.html
https://workofarttattoo.com/skipped_pages_clipboard.html,https://workofarttattoo.com/skipped-pages-clipboard/,redirect,Clean URL removes generated slug wording and consolidates duplicate search intent.,skipped_pages_clipboard.html
https://workofarttattoo.com/skipped_upload_build/how_to_choose_a_tattoo_artist_master_selection_guide_1.html,https://workofarttattoo.com/how-to-choose-a-tattoo-artist-1/,redirect,Clean URL removes generated slug wording and consolidates duplicate search intent.,skipped_upload_build/how_to_choose_a_tattoo_artist_master_selection_guide_1.html
https://workofarttattoo.com/skipped_upload_build/large_scale_masterpieces_sleeves_back_pieces_hub.html,https://workofarttattoo.com/large-scalepieces-sleeves-back-pieces/,redirect,Clean URL removes generated slug wording and consolidates duplicate search intent.,skipped_upload_build/large_scale_masterpieces_sleeves_back_pieces_hub.html
https://workofarttattoo.com/skipped_upload_build/walk_in_tattoos_las_vegas_nap_corrected.html,https://workofarttattoo.com/walk-in-tattoos-nap-corrected/,redirect,Clean URL removes generated slug wording and consolidates duplicate search intent.,skipped_upload_build/walk_in_tattoos_las_vegas_nap_corrected.html
https://workofarttattoo.com/snake_bites_piercing_las_vegas_authority_guide/,https://workofarttattoo.com/snake-bites-piercing/,redirect,Clean URL removes generated slug wording and consolidates duplicate search intent.,snake_bites_piercing_las_vegas_authority_guide/code.html
https://workofarttattoo.com/snug_piercing_las_vegas_authority_guide/,https://workofarttattoo.com/snug-piercing/,redirect,Clean URL removes generated slug wording and consolidates duplicate search intent.,snug_piercing_las_vegas_authority_guide/code.html
https://workofarttattoo.com/start_here/,https://workofarttattoo.com/start-here/,redirect,Clean URL removes generated slug wording and consolidates duplicate search intent.,start_here/code.html
https://workofarttattoo.com/stretch_marks_skin_science_las_vegas_authority_guide/,https://workofarttattoo.com/stretch-marks-skin-science/,redirect,Clean URL removes generated slug wording and consolidates duplicate search intent.,stretch_marks_skin_science_las_vegas_authority_guide/code.html
https://workofarttattoo.com/studio-rules/,https://workofarttattoo.com/studio-rules/,keep,Already clean enough or needed as a static asset/page path.,studio-rules/code.html
https://workofarttattoo.com/studio_gallery/,https://workofarttattoo.com/studio-gallery/,redirect,Clean URL removes generated slug wording and consolidates duplicate search intent.,studio_gallery/code.html
https://workofarttattoo.com/studio_videos/,https://workofarttattoo.com/studio-videos/,redirect,Clean URL removes generated slug wording and consolidates duplicate search intent.,studio_videos/code.html
https://workofarttattoo.com/surface_piercing_las_vegas_authority_guide/,https://workofarttattoo.com/surface-piercing/,redirect,Clean URL removes generated slug wording and consolidates duplicate search intent.,surface_piercing_las_vegas_authority_guide/code.html
https://workofarttattoo.com/tattoo-aftercare-desert-climate/,https://workofarttattoo.com/tattoo-aftercare-desert-climate/,keep,Already clean enough or needed as a static asset/page path.,tattoo-aftercare-desert-climate/code.html
https://workofarttattoo.com/tattoo_healing_before_after_real_results/,https://workofarttattoo.com/tattoo-healing-before-after-real-results/,redirect,Clean URL removes generated slug wording and consolidates duplicate search intent.,tattoo_healing_before_after_real_results/code.html
https://workofarttattoo.com/tattoo_healing_in_desert_climate_expert_aftercare_guide/,https://workofarttattoo.com/tattoos/aftercare/,redirect,Clean URL removes generated slug wording and consolidates duplicate search intent.,tattoo_healing_in_desert_climate_expert_aftercare_guide/code.html
https://workofarttattoo.com/tattoo_pain_chart_placement_sensitivity_guide/,https://workofarttattoo.com/tattoo-pain-chart-placement-sensitivity/,redirect,Clean URL removes generated slug wording and consolidates duplicate search intent.,tattoo_pain_chart_placement_sensitivity_guide/code.html
https://workofarttattoo.com/tattoo_shop_enterprise_las_vegas/,https://workofarttattoo.com/tattoo-shop-enterprise/,redirect,Clean URL removes generated slug wording and consolidates duplicate search intent.,tattoo_shop_enterprise_las_vegas/code.html
https://workofarttattoo.com/tattoo_shop_green_valley_henderson/,https://workofarttattoo.com/tattoo-shop-green-valley-henderson/,redirect,Clean URL removes generated slug wording and consolidates duplicate search intent.,tattoo_shop_green_valley_henderson/code.html
https://workofarttattoo.com/tattoo_shop_near_allegiant_stadium_las_vegas/,https://workofarttattoo.com/tattoo-shop-near-allegiant-stadium/,redirect,Clean URL removes generated slug wording and consolidates duplicate search intent.,tattoo_shop_near_allegiant_stadium_las_vegas/code.html
https://workofarttattoo.com/tattoo_shop_near_las_vegas_airport/,https://workofarttattoo.com/tattoo-shop-near-airport/,redirect,Clean URL removes generated slug wording and consolidates duplicate search intent.,tattoo_shop_near_las_vegas_airport/code.html
https://workofarttattoo.com/tattoo_shop_near_mgm_grand_las_vegas/,https://workofarttattoo.com/tattoo-shop-near-mgm-grand/,redirect,Clean URL removes generated slug wording and consolidates duplicate search intent.,tattoo_shop_near_mgm_grand_las_vegas/code.html
https://workofarttattoo.com/tattoo_shop_near_the_sphere_las_vegas/,https://workofarttattoo.com/tattoo-shop-near-the-sphere/,redirect,Clean URL removes generated slug wording and consolidates duplicate search intent.,tattoo_shop_near_the_sphere_las_vegas/code.html
https://workofarttattoo.com/tattoo_shop_near_the_strip_geo_seo_optimized/,https://workofarttattoo.com/tattoo-shop-near-the-strip-geo-seo-optimized/,redirect,Clean URL removes generated slug wording and consolidates duplicate search intent.,tattoo_shop_near_the_strip_geo_seo_optimized/code.html
https://workofarttattoo.com/tattoo_shop_near_the_strip_nap_corrected/,https://workofarttattoo.com/visit/near-strip/,redirect,Clean URL removes generated slug wording and consolidates duplicate search intent.,tattoo_shop_near_the_strip_nap_corrected/code.html
https://workofarttattoo.com/tattoo_shop_paradise_nevada/,https://workofarttattoo.com/visit/paradise/,redirect,Clean URL removes generated slug wording and consolidates duplicate search intent.,tattoo_shop_paradise_nevada/code.html
https://workofarttattoo.com/tattoo_shop_spring_valley_las_vegas/,https://workofarttattoo.com/tattoo-shop-spring-valley/,redirect,Clean URL removes generated slug wording and consolidates duplicate search intent.,tattoo_shop_spring_valley_las_vegas/code.html
https://workofarttattoo.com/terms-of-service/,https://workofarttattoo.com/terms-of-service/,keep,Already clean enough or needed as a static asset/page path.,terms-of-service/code.html
https://workofarttattoo.com/tongue_piercing_las_vegas_authority_guide/,https://workofarttattoo.com/tongue-piercing/,redirect,Clean URL removes generated slug wording and consolidates duplicate search intent.,tongue_piercing_las_vegas_authority_guide/code.html
https://workofarttattoo.com/tragus_piercing_las_vegas_authority_guide/,https://workofarttattoo.com/tragus-piercing/,redirect,Clean URL removes generated slug wording and consolidates duplicate search intent.,tragus_piercing_las_vegas_authority_guide/code.html
https://workofarttattoo.com/upper_lobe_piercing_las_vegas_authority_guide/,https://workofarttattoo.com/upper-lobe-piercing/,redirect,Clean URL removes generated slug wording and consolidates duplicate search intent.,upper_lobe_piercing_las_vegas_authority_guide/code.html
https://workofarttattoo.com/vegas_tattoo_shop_vs_cheap_strip_tattoo_ultimate_comparison/,https://workofarttattoo.com/vegas-tattoo-shop-vs-cheap-strip-tattoo-comparison/,redirect,Clean URL removes generated slug wording and consolidates duplicate search intent.,vegas_tattoo_shop_vs_cheap_strip_tattoo_ultimate_comparison/code.html
https://workofarttattoo.com/vegas_tattoo_shop_vs_cheap_strip_tattoo_what_you_need_to_know/,https://workofarttattoo.com/vegas-tattoo-shop-vs-cheap-strip-tattoo-what-you-need-to-know/,redirect,Clean URL removes generated slug wording and consolidates duplicate search intent.,vegas_tattoo_shop_vs_cheap_strip_tattoo_what_you_need_to_know/code.html
https://workofarttattoo.com/vertical_labret_piercing_las_vegas_authority_guide/,https://workofarttattoo.com/vertical-labret-piercing/,redirect,Clean URL removes generated slug wording and consolidates duplicate search intent.,vertical_labret_piercing_las_vegas_authority_guide/code.html
https://workofarttattoo.com/walk-in-tattoos-las-vegas/,https://workofarttattoo.com/tattoos/walk-ins/,redirect,Clean URL removes generated slug wording and consolidates duplicate search intent.,walk-in-tattoos-las-vegas/code.html
https://workofarttattoo.com/walk_in_tattoos_las_vegas_authority_guide/,https://workofarttattoo.com/tattoos/walk-ins/,redirect,Clean URL removes generated slug wording and consolidates duplicate search intent.,walk_in_tattoos_las_vegas_authority_guide/code.html
https://workofarttattoo.com/why_tattoos_stay_forever_skin_science_las_vegas_authority_guide/,https://workofarttattoo.com/why-tattoos-stay-forever-skin-science/,redirect,Clean URL removes generated slug wording and consolidates duplicate search intent.,why_tattoos_stay_forever_skin_science_las_vegas_authority_guide/code.html
