directory,current_name,current_address,current_phone,current_url,problem,correct_value,status,action
Google Business Profile,unknown,unknown,unknown,unknown,needs manual verification,"Work of Art Tattoo & Piercing | 2375 E. Tropicana Ave, Suite 3, Las Vegas, NV 89119 | 725-224-1240 | https://www.workofarttattoo.com/",not started,Verify listing and update only official/credible citations.
Apple Maps,unknown,unknown,unknown,unknown,needs manual verification,"Work of Art Tattoo & Piercing | 2375 E. Tropicana Ave, Suite 3, Las Vegas, NV 89119 | 725-224-1240 | https://www.workofarttattoo.com/",not started,Verify listing and update only official/credible citations.
Bing Places,unknown,unknown,unknown,unknown,needs manual verification,"Work of Art Tattoo & Piercing | 2375 E. Tropicana Ave, Suite 3, Las Vegas, NV 89119 | 725-224-1240 | https://www.workofarttattoo.com/",not started,Verify listing and update only official/credible citations.
Yelp,unknown,unknown,unknown,unknown,needs manual verification,"Work of Art Tattoo & Piercing | 2375 E. Tropicana Ave, Suite 3, Las Vegas, NV 89119 | 725-224-1240 | https://www.workofarttattoo.com/",not started,Verify listing and update only official/credible citations.
Facebook,unknown,unknown,unknown,unknown,needs manual verification,"Work of Art Tattoo & Piercing | 2375 E. Tropicana Ave, Suite 3, Las Vegas, NV 89119 | 725-224-1240 | https://www.workofarttattoo.com/",not started,Verify listing and update only official/credible citations.
Instagram,unknown,unknown,unknown,unknown,needs manual verification,"Work of Art Tattoo & Piercing | 2375 E. Tropicana Ave, Suite 3, Las Vegas, NV 89119 | 725-224-1240 | https://www.workofarttattoo.com/",not started,Verify listing and update only official/credible citations.
Better Business Bureau,unknown,unknown,unknown,unknown,needs manual verification,"Work of Art Tattoo & Piercing | 2375 E. Tropicana Ave, Suite 3, Las Vegas, NV 89119 | 725-224-1240 | https://www.workofarttattoo.com/",not started,Verify listing and update only official/credible citations.
Chamber/local business directories,unknown,unknown,unknown,unknown,needs manual verification,"Work of Art Tattoo & Piercing | 2375 E. Tropicana Ave, Suite 3, Las Vegas, NV 89119 | 725-224-1240 | https://www.workofarttattoo.com/",not started,Verify listing and update only official/credible citations.
Tattoo convention/vendor profiles,unknown,unknown,unknown,unknown,needs manual verification,"Work of Art Tattoo & Piercing | 2375 E. Tropicana Ave, Suite 3, Las Vegas, NV 89119 | 725-224-1240 | https://www.workofarttattoo.com/",not started,Verify listing and update only official/credible citations.
